region_code,region_name,province_code,province_name,city_code,city_name
100000000,I,102800000,ILOCOS NORTE,102801000,ADAMS
100000000,I,102800000,ILOCOS NORTE,102802000,BACARRA
100000000,I,102800000,ILOCOS NORTE,102803000,BADOC
100000000,I,102800000,ILOCOS NORTE,102804000,BANGUI
100000000,I,102800000,ILOCOS NORTE,102805000,CITY OF BATAC
100000000,I,102800000,ILOCOS NORTE,102806000,BURGOS
100000000,I,102800000,ILOCOS NORTE,102807000,CARASI
100000000,I,102800000,ILOCOS NORTE,102808000,CURRIMAO
100000000,I,102800000,ILOCOS NORTE,102809000,DINGRAS
100000000,I,102800000,ILOCOS NORTE,102810000,DUMALNEG
100000000,I,102800000,ILOCOS NORTE,102811000,BANNA
100000000,I,102800000,ILOCOS NORTE,102812000,CITY OF LAOAG
100000000,I,102800000,ILOCOS NORTE,102813000,MARCOS
100000000,I,102800000,ILOCOS NORTE,102814000,NUEVA ERA
100000000,I,102800000,ILOCOS NORTE,102815000,PAGUDPUD
100000000,I,102800000,ILOCOS NORTE,102816000,PAOAY
100000000,I,102800000,ILOCOS NORTE,102817000,PASUQUIN
100000000,I,102800000,ILOCOS NORTE,102818000,PIDDIG
100000000,I,102800000,ILOCOS NORTE,102819000,PINILI
100000000,I,102800000,ILOCOS NORTE,102820000,SAN NICOLAS
100000000,I,102800000,ILOCOS NORTE,102821000,SARRAT
100000000,I,102800000,ILOCOS NORTE,102822000,SOLSONA
100000000,I,102800000,ILOCOS NORTE,102823000,VINTAR
100000000,I,102900000,ILOCOS SUR,102901000,ALILEM
100000000,I,102900000,ILOCOS SUR,102902000,BANAYOYO
100000000,I,102900000,ILOCOS SUR,102903000,BANTAY
100000000,I,102900000,ILOCOS SUR,102904000,BURGOS
100000000,I,102900000,ILOCOS SUR,102905000,CABUGAO
100000000,I,102900000,ILOCOS SUR,102906000,CITY OF CANDON
100000000,I,102900000,ILOCOS SUR,102907000,CAOAYAN
100000000,I,102900000,ILOCOS SUR,102908000,CERVANTES
100000000,I,102900000,ILOCOS SUR,102909000,GALIMUYOD
100000000,I,102900000,ILOCOS SUR,102910000,GREGORIO DEL PILAR
100000000,I,102900000,ILOCOS SUR,102911000,LIDLIDDA
100000000,I,102900000,ILOCOS SUR,102912000,MAGSINGAL
100000000,I,102900000,ILOCOS SUR,102913000,NAGBUKEL
100000000,I,102900000,ILOCOS SUR,102914000,NARVACAN
100000000,I,102900000,ILOCOS SUR,102915000,QUIRINO
100000000,I,102900000,ILOCOS SUR,102916000,SALCEDO
100000000,I,102900000,ILOCOS SUR,102917000,SAN EMILIO
100000000,I,102900000,ILOCOS SUR,102918000,SAN ESTEBAN
100000000,I,102900000,ILOCOS SUR,102919000,SAN ILDEFONSO
100000000,I,102900000,ILOCOS SUR,102920000,SAN JUAN
100000000,I,102900000,ILOCOS SUR,102921000,SAN VICENTE
100000000,I,102900000,ILOCOS SUR,102922000,SANTA
100000000,I,102900000,ILOCOS SUR,102923000,SANTA CATALINA
100000000,I,102900000,ILOCOS SUR,102924000,SANTA CRUZ
100000000,I,102900000,ILOCOS SUR,102925000,SANTA LUCIA
100000000,I,102900000,ILOCOS SUR,102926000,SANTA MARIA
100000000,I,102900000,ILOCOS SUR,102927000,SANTIAGO
100000000,I,102900000,ILOCOS SUR,102928000,SANTO DOMINGO
100000000,I,102900000,ILOCOS SUR,102929000,SIGAY
100000000,I,102900000,ILOCOS SUR,102930000,SINAIT
100000000,I,102900000,ILOCOS SUR,102931000,SUGPON
100000000,I,102900000,ILOCOS SUR,102932000,SUYO
100000000,I,102900000,ILOCOS SUR,102933000,TAGUDIN
100000000,I,102900000,ILOCOS SUR,102934000,CITY OF VIGAN
100000000,I,103300000,LA UNION,103301000,AGOO
100000000,I,103300000,LA UNION,103302000,ARINGAY
100000000,I,103300000,LA UNION,103303000,BACNOTAN
100000000,I,103300000,LA UNION,103304000,BAGULIN
100000000,I,103300000,LA UNION,103305000,BALAOAN
100000000,I,103300000,LA UNION,103306000,BANGAR
100000000,I,103300000,LA UNION,103307000,BAUANG
100000000,I,103300000,LA UNION,103308000,BURGOS
100000000,I,103300000,LA UNION,103309000,CABA
100000000,I,103300000,LA UNION,103310000,LUNA
100000000,I,103300000,LA UNION,103311000,NAGUILIAN
100000000,I,103300000,LA UNION,103312000,PUGO
100000000,I,103300000,LA UNION,103313000,ROSARIO
100000000,I,103300000,LA UNION,103314000,CITY OF SAN FERNANDO
100000000,I,103300000,LA UNION,103315000,SAN GABRIEL
100000000,I,103300000,LA UNION,103316000,SAN JUAN
100000000,I,103300000,LA UNION,103317000,SANTO TOMAS
100000000,I,103300000,LA UNION,103318000,SANTOL
100000000,I,103300000,LA UNION,103319000,SUDIPEN
100000000,I,103300000,LA UNION,103320000,TUBAO
100000000,I,105500000,PANGASINAN,105501000,AGNO
100000000,I,105500000,PANGASINAN,105502000,AGUILAR
100000000,I,105500000,PANGASINAN,105503000,CITY OF ALAMINOS
100000000,I,105500000,PANGASINAN,105504000,ALCALA
100000000,I,105500000,PANGASINAN,105505000,ANDA
100000000,I,105500000,PANGASINAN,105506000,ASINGAN
100000000,I,105500000,PANGASINAN,105507000,BALUNGAO
100000000,I,105500000,PANGASINAN,105508000,BANI
100000000,I,105500000,PANGASINAN,105509000,BASISTA
100000000,I,105500000,PANGASINAN,105510000,BAUTISTA
100000000,I,105500000,PANGASINAN,105511000,BAYAMBANG
100000000,I,105500000,PANGASINAN,105512000,BINALONAN
100000000,I,105500000,PANGASINAN,105513000,BINMALEY
100000000,I,105500000,PANGASINAN,105514000,BOLINAO
100000000,I,105500000,PANGASINAN,105515000,BUGALLON
100000000,I,105500000,PANGASINAN,105516000,BURGOS
100000000,I,105500000,PANGASINAN,105517000,CALASIAO
100000000,I,105500000,PANGASINAN,105518000,CITY OF DAGUPAN
100000000,I,105500000,PANGASINAN,105519000,DASOL
100000000,I,105500000,PANGASINAN,105520000,INFANTA
100000000,I,105500000,PANGASINAN,105521000,LABRADOR
100000000,I,105500000,PANGASINAN,105522000,LINGAYEN
100000000,I,105500000,PANGASINAN,105523000,MABINI
100000000,I,105500000,PANGASINAN,105524000,MALASIQUI
100000000,I,105500000,PANGASINAN,105525000,MANAOAG
100000000,I,105500000,PANGASINAN,105526000,MANGALDAN
100000000,I,105500000,PANGASINAN,105527000,MANGATAREM
100000000,I,105500000,PANGASINAN,105528000,MAPANDAN
100000000,I,105500000,PANGASINAN,105529000,NATIVIDAD
100000000,I,105500000,PANGASINAN,105530000,POZORRUBIO
100000000,I,105500000,PANGASINAN,105531000,ROSALES
100000000,I,105500000,PANGASINAN,105532000,CITY OF SAN CARLOS
100000000,I,105500000,PANGASINAN,105533000,SAN FABIAN
100000000,I,105500000,PANGASINAN,105534000,SAN JACINTO
100000000,I,105500000,PANGASINAN,105535000,SAN MANUEL
100000000,I,105500000,PANGASINAN,105536000,SAN NICOLAS
100000000,I,105500000,PANGASINAN,105537000,SAN QUINTIN
100000000,I,105500000,PANGASINAN,105538000,SANTA BARBARA
100000000,I,105500000,PANGASINAN,105539000,SANTA MARIA
100000000,I,105500000,PANGASINAN,105540000,SANTO TOMAS
100000000,I,105500000,PANGASINAN,105541000,SISON
100000000,I,105500000,PANGASINAN,105542000,SUAL
100000000,I,105500000,PANGASINAN,105543000,TAYUG
100000000,I,105500000,PANGASINAN,105544000,UMINGAN
100000000,I,105500000,PANGASINAN,105545000,URBIZTONDO
100000000,I,105500000,PANGASINAN,105546000,CITY OF URDANETA
100000000,I,105500000,PANGASINAN,105547000,VILLASIS
100000000,I,105500000,PANGASINAN,105548000,LAOAC
200000000,II,200900000,BATANES,200901000,BASCO
200000000,II,200900000,BATANES,200902000,ITBAYAT
200000000,II,200900000,BATANES,200903000,IVANA
200000000,II,200900000,BATANES,200904000,MAHATAO
200000000,II,200900000,BATANES,200905000,SABTANG
200000000,II,200900000,BATANES,200906000,UYUGAN
200000000,II,201500000,CAGAYAN,201501000,ABULUG
200000000,II,201500000,CAGAYAN,201502000,ALCALA
200000000,II,201500000,CAGAYAN,201503000,ALLACAPAN
200000000,II,201500000,CAGAYAN,201504000,AMULUNG
200000000,II,201500000,CAGAYAN,201505000,APARRI
200000000,II,201500000,CAGAYAN,201506000,BAGGAO
200000000,II,201500000,CAGAYAN,201507000,BALLESTEROS
200000000,II,201500000,CAGAYAN,201508000,BUGUEY
200000000,II,201500000,CAGAYAN,201509000,CALAYAN
200000000,II,201500000,CAGAYAN,201510000,CAMALANIUGAN
200000000,II,201500000,CAGAYAN,201511000,CLAVERIA
200000000,II,201500000,CAGAYAN,201512000,ENRILE
200000000,II,201500000,CAGAYAN,201513000,GATTARAN
200000000,II,201500000,CAGAYAN,201514000,GONZAGA
200000000,II,201500000,CAGAYAN,201515000,IGUIG
200000000,II,201500000,CAGAYAN,201516000,LAL-LO
200000000,II,201500000,CAGAYAN,201517000,LASAM
200000000,II,201500000,CAGAYAN,201518000,PAMPLONA
200000000,II,201500000,CAGAYAN,201519000,PEÒABLANCA
200000000,II,201500000,CAGAYAN,201520000,PIAT
200000000,II,201500000,CAGAYAN,201521000,RIZAL
200000000,II,201500000,CAGAYAN,201522000,SANCHEZ-MIRA
200000000,II,201500000,CAGAYAN,201523000,SANTA ANA
200000000,II,201500000,CAGAYAN,201524000,SANTA PRAXEDES
200000000,II,201500000,CAGAYAN,201525000,SANTA TERESITA
200000000,II,201500000,CAGAYAN,201526000,SANTO NIÒO
200000000,II,201500000,CAGAYAN,201527000,SOLANA
200000000,II,201500000,CAGAYAN,201528000,TUAO
200000000,II,201500000,CAGAYAN,201529000,TUGUEGARAO CITY
200000000,II,203100000,ISABELA,203101000,ALICIA
200000000,II,203100000,ISABELA,203102000,ANGADANAN
200000000,II,203100000,ISABELA,203103000,AURORA
200000000,II,203100000,ISABELA,203104000,BENITO SOLIVEN
200000000,II,203100000,ISABELA,203105000,BURGOS
200000000,II,203100000,ISABELA,203106000,CABAGAN
200000000,II,203100000,ISABELA,203107000,CABATUAN
200000000,II,203100000,ISABELA,203108000,CITY OF CAUAYAN
200000000,II,203100000,ISABELA,203109000,CORDON
200000000,II,203100000,ISABELA,203110000,DINAPIGUE
200000000,II,203100000,ISABELA,203111000,DIVILACAN
200000000,II,203100000,ISABELA,203112000,ECHAGUE
200000000,II,203100000,ISABELA,203113000,GAMU
200000000,II,203100000,ISABELA,203114000,CITY OF ILAGAN
200000000,II,203100000,ISABELA,203115000,JONES
200000000,II,203100000,ISABELA,203116000,LUNA
200000000,II,203100000,ISABELA,203117000,MACONACON
200000000,II,203100000,ISABELA,203118000,DELFIN ALBANO
200000000,II,203100000,ISABELA,203119000,MALLIG
200000000,II,203100000,ISABELA,203120000,NAGUILIAN
200000000,II,203100000,ISABELA,203121000,PALANAN
200000000,II,203100000,ISABELA,203122000,QUEZON
200000000,II,203100000,ISABELA,203123000,QUIRINO
200000000,II,203100000,ISABELA,203124000,RAMON
200000000,II,203100000,ISABELA,203125000,REINA MERCEDES
200000000,II,203100000,ISABELA,203126000,ROXAS
200000000,II,203100000,ISABELA,203127000,SAN AGUSTIN
200000000,II,203100000,ISABELA,203128000,SAN GUILLERMO
200000000,II,203100000,ISABELA,203129000,SAN ISIDRO
200000000,II,203100000,ISABELA,203130000,SAN MANUEL
200000000,II,203100000,ISABELA,203131000,SAN MARIANO
200000000,II,203100000,ISABELA,203132000,SAN MATEO
200000000,II,203100000,ISABELA,203133000,SAN PABLO
200000000,II,203100000,ISABELA,203134000,SANTA MARIA
200000000,II,203100000,ISABELA,203135000,CITY OF SANTIAGO
200000000,II,203100000,ISABELA,203136000,SANTO TOMAS
200000000,II,203100000,ISABELA,203137000,TUMAUINI
200000000,II,205000000,NUEVA VIZCAYA,205001000,AMBAGUIO
200000000,II,205000000,NUEVA VIZCAYA,205002000,ARITAO
200000000,II,205000000,NUEVA VIZCAYA,205003000,BAGABAG
200000000,II,205000000,NUEVA VIZCAYA,205004000,BAMBANG
200000000,II,205000000,NUEVA VIZCAYA,205005000,BAYOMBONG
200000000,II,205000000,NUEVA VIZCAYA,205006000,DIADI
200000000,II,205000000,NUEVA VIZCAYA,205007000,DUPAX DEL NORTE
200000000,II,205000000,NUEVA VIZCAYA,205008000,DUPAX DEL SUR
200000000,II,205000000,NUEVA VIZCAYA,205009000,KASIBU
200000000,II,205000000,NUEVA VIZCAYA,205010000,KAYAPA
200000000,II,205000000,NUEVA VIZCAYA,205011000,QUEZON
200000000,II,205000000,NUEVA VIZCAYA,205012000,SANTA FE
200000000,II,205000000,NUEVA VIZCAYA,205013000,SOLANO
200000000,II,205000000,NUEVA VIZCAYA,205014000,VILLAVERDE
200000000,II,205000000,NUEVA VIZCAYA,205015000,ALFONSO CASTANEDA
200000000,II,205700000,QUIRINO,205701000,AGLIPAY
200000000,II,205700000,QUIRINO,205702000,CABARROGUIS
200000000,II,205700000,QUIRINO,205703000,DIFFUN
200000000,II,205700000,QUIRINO,205704000,MADDELA
200000000,II,205700000,QUIRINO,205705000,SAGUDAY
200000000,II,205700000,QUIRINO,205706000,NAGTIPUNAN
300000000,III,300800000,BATAAN,300801000,ABUCAY
300000000,III,300800000,BATAAN,300802000,BAGAC
300000000,III,300800000,BATAAN,300803000,CITY OF BALANGA
300000000,III,300800000,BATAAN,300804000,DINALUPIHAN
300000000,III,300800000,BATAAN,300805000,HERMOSA
300000000,III,300800000,BATAAN,300806000,LIMAY
300000000,III,300800000,BATAAN,300807000,MARIVELES
300000000,III,300800000,BATAAN,300808000,MORONG
300000000,III,300800000,BATAAN,300809000,ORANI
300000000,III,300800000,BATAAN,300810000,ORION
300000000,III,300800000,BATAAN,300811000,PILAR
300000000,III,300800000,BATAAN,300812000,SAMAL
300000000,III,301400000,BULACAN,301401000,ANGAT
300000000,III,301400000,BULACAN,301402000,BALAGTAS
300000000,III,301400000,BULACAN,301403000,CITY OF BALIWAG
300000000,III,301400000,BULACAN,301404000,BOCAUE
300000000,III,301400000,BULACAN,301405000,BULACAN
300000000,III,301400000,BULACAN,301406000,BUSTOS
300000000,III,301400000,BULACAN,301407000,CALUMPIT
300000000,III,301400000,BULACAN,301408000,GUIGUINTO
300000000,III,301400000,BULACAN,301409000,HAGONOY
300000000,III,301400000,BULACAN,301410000,CITY OF MALOLOS
300000000,III,301400000,BULACAN,301411000,MARILAO
300000000,III,301400000,BULACAN,301412000,CITY OF MEYCAUAYAN
300000000,III,301400000,BULACAN,301413000,NORZAGARAY
300000000,III,301400000,BULACAN,301414000,OBANDO
300000000,III,301400000,BULACAN,301415000,PANDI
300000000,III,301400000,BULACAN,301416000,PAOMBONG
300000000,III,301400000,BULACAN,301417000,PLARIDEL
300000000,III,301400000,BULACAN,301418000,PULILAN
300000000,III,301400000,BULACAN,301419000,SAN ILDEFONSO
300000000,III,301400000,BULACAN,301420000,CITY OF SAN JOSE DEL MONTE
300000000,III,301400000,BULACAN,301421000,SAN MIGUEL
300000000,III,301400000,BULACAN,301422000,SAN RAFAEL
300000000,III,301400000,BULACAN,301423000,SANTA MARIA
300000000,III,301400000,BULACAN,301424000,DOÒA REMEDIOS TRINIDAD
300000000,III,304900000,NUEVA ECIJA,304901000,ALIAGA
300000000,III,304900000,NUEVA ECIJA,304902000,BONGABON
300000000,III,304900000,NUEVA ECIJA,304903000,CITY OF CABANATUAN
300000000,III,304900000,NUEVA ECIJA,304904000,CABIAO
300000000,III,304900000,NUEVA ECIJA,304905000,CARRANGLAN
300000000,III,304900000,NUEVA ECIJA,304906000,CUYAPO
300000000,III,304900000,NUEVA ECIJA,304907000,GABALDON
300000000,III,304900000,NUEVA ECIJA,304908000,CITY OF GAPAN
300000000,III,304900000,NUEVA ECIJA,304909000,GENERAL MAMERTO NATIVIDAD
300000000,III,304900000,NUEVA ECIJA,304910000,GENERAL TINIO
300000000,III,304900000,NUEVA ECIJA,304911000,GUIMBA
300000000,III,304900000,NUEVA ECIJA,304912000,JAEN
300000000,III,304900000,NUEVA ECIJA,304913000,LAUR
300000000,III,304900000,NUEVA ECIJA,304914000,LICAB
300000000,III,304900000,NUEVA ECIJA,304915000,LLANERA
300000000,III,304900000,NUEVA ECIJA,304916000,LUPAO
300000000,III,304900000,NUEVA ECIJA,304917000,SCIENCE CITY OF MUÒOZ
300000000,III,304900000,NUEVA ECIJA,304918000,NAMPICUAN
300000000,III,304900000,NUEVA ECIJA,304919000,CITY OF PALAYAN
300000000,III,304900000,NUEVA ECIJA,304920000,PANTABANGAN
300000000,III,304900000,NUEVA ECIJA,304921000,PEÒARANDA
300000000,III,304900000,NUEVA ECIJA,304922000,QUEZON
300000000,III,304900000,NUEVA ECIJA,304923000,RIZAL
300000000,III,304900000,NUEVA ECIJA,304924000,SAN ANTONIO
300000000,III,304900000,NUEVA ECIJA,304925000,SAN ISIDRO
300000000,III,304900000,NUEVA ECIJA,304926000,SAN JOSE CITY
300000000,III,304900000,NUEVA ECIJA,304927000,SAN LEONARDO
300000000,III,304900000,NUEVA ECIJA,304928000,SANTA ROSA
300000000,III,304900000,NUEVA ECIJA,304929000,SANTO DOMINGO
300000000,III,304900000,NUEVA ECIJA,304930000,TALAVERA
300000000,III,304900000,NUEVA ECIJA,304931000,TALUGTUG
300000000,III,304900000,NUEVA ECIJA,304932000,ZARAGOZA
300000000,III,305400000,PAMPANGA,305402000,APALIT
300000000,III,305400000,PAMPANGA,305403000,ARAYAT
300000000,III,305400000,PAMPANGA,305404000,BACOLOR
300000000,III,305400000,PAMPANGA,305405000,CANDABA
300000000,III,305400000,PAMPANGA,305406000,FLORIDABLANCA
300000000,III,305400000,PAMPANGA,305407000,GUAGUA
300000000,III,305400000,PAMPANGA,305408000,LUBAO
300000000,III,305400000,PAMPANGA,305409000,MABALACAT CITY
300000000,III,305400000,PAMPANGA,305410000,MACABEBE
300000000,III,305400000,PAMPANGA,305411000,MAGALANG
300000000,III,305400000,PAMPANGA,305412000,MASANTOL
300000000,III,305400000,PAMPANGA,305413000,MEXICO
300000000,III,305400000,PAMPANGA,305414000,MINALIN
300000000,III,305400000,PAMPANGA,305415000,PORAC
300000000,III,305400000,PAMPANGA,305416000,CITY OF SAN FERNANDO
300000000,III,305400000,PAMPANGA,305417000,SAN LUIS
300000000,III,305400000,PAMPANGA,305418000,SAN SIMON
300000000,III,305400000,PAMPANGA,305419000,SANTA ANA
300000000,III,305400000,PAMPANGA,305420000,SANTA RITA
300000000,III,305400000,PAMPANGA,305421000,STO. TOMAS
300000000,III,305400000,PAMPANGA,305422000,SASMUAN
300000000,III,306900000,TARLAC,306901000,ANAO
300000000,III,306900000,TARLAC,306902000,BAMBAN
300000000,III,306900000,TARLAC,306903000,CAMILING
300000000,III,306900000,TARLAC,306904000,CAPAS
300000000,III,306900000,TARLAC,306905000,CONCEPCION
300000000,III,306900000,TARLAC,306906000,GERONA
300000000,III,306900000,TARLAC,306907000,LA PAZ
300000000,III,306900000,TARLAC,306908000,MAYANTOC
300000000,III,306900000,TARLAC,306909000,MONCADA
300000000,III,306900000,TARLAC,306910000,PANIQUI
300000000,III,306900000,TARLAC,306911000,PURA
300000000,III,306900000,TARLAC,306912000,RAMOS
300000000,III,306900000,TARLAC,306913000,SAN CLEMENTE
300000000,III,306900000,TARLAC,306914000,SAN MANUEL
300000000,III,306900000,TARLAC,306915000,SANTA IGNACIA
300000000,III,306900000,TARLAC,306916000,CITY OF TARLAC
300000000,III,306900000,TARLAC,306917000,VICTORIA
300000000,III,306900000,TARLAC,306918000,SAN JOSE
300000000,III,307100000,ZAMBALES,307101000,BOTOLAN
300000000,III,307100000,ZAMBALES,307102000,CABANGAN
300000000,III,307100000,ZAMBALES,307103000,CANDELARIA
300000000,III,307100000,ZAMBALES,307104000,CASTILLEJOS
300000000,III,307100000,ZAMBALES,307105000,IBA
300000000,III,307100000,ZAMBALES,307106000,MASINLOC
300000000,III,307100000,ZAMBALES,307108000,PALAUIG
300000000,III,307100000,ZAMBALES,307109000,SAN ANTONIO
300000000,III,307100000,ZAMBALES,307110000,SAN FELIPE
300000000,III,307100000,ZAMBALES,307111000,SAN MARCELINO
300000000,III,307100000,ZAMBALES,307112000,SAN NARCISO
300000000,III,307100000,ZAMBALES,307113000,SANTA CRUZ
300000000,III,307100000,ZAMBALES,307114000,SUBIC
300000000,III,307700000,AURORA,307701000,BALER
300000000,III,307700000,AURORA,307702000,CASIGURAN
300000000,III,307700000,AURORA,307703000,DILASAG
300000000,III,307700000,AURORA,307704000,DINALUNGAN
300000000,III,307700000,AURORA,307705000,DINGALAN
300000000,III,307700000,AURORA,307706000,DIPACULAO
300000000,III,307700000,AURORA,307707000,MARIA AURORA
300000000,III,307700000,AURORA,307708000,SAN LUIS
300000000,III,330100000,CITY OF ANGELES,330100000,CITY OF ANGELES
300000000,III,331400000,CITY OF OLONGAPO,331400000,CITY OF OLONGAPO
400000000,IV-A,401000000,BATANGAS,401001000,AGONCILLO
400000000,IV-A,401000000,BATANGAS,401002000,ALITAGTAG
400000000,IV-A,401000000,BATANGAS,401003000,BALAYAN
400000000,IV-A,401000000,BATANGAS,401004000,BALETE
400000000,IV-A,401000000,BATANGAS,401005000,BATANGAS CITY
400000000,IV-A,401000000,BATANGAS,401006000,BAUAN
400000000,IV-A,401000000,BATANGAS,401007000,CITY OF CALACA
400000000,IV-A,401000000,BATANGAS,401008000,CALATAGAN
400000000,IV-A,401000000,BATANGAS,401009000,CUENCA
400000000,IV-A,401000000,BATANGAS,401010000,IBAAN
400000000,IV-A,401000000,BATANGAS,401011000,LAUREL
400000000,IV-A,401000000,BATANGAS,401012000,LEMERY
400000000,IV-A,401000000,BATANGAS,401013000,LIAN
400000000,IV-A,401000000,BATANGAS,401014000,CITY OF LIPA
400000000,IV-A,401000000,BATANGAS,401015000,LOBO
400000000,IV-A,401000000,BATANGAS,401016000,MABINI
400000000,IV-A,401000000,BATANGAS,401017000,MALVAR
400000000,IV-A,401000000,BATANGAS,401018000,MATAASNAKAHOY
400000000,IV-A,401000000,BATANGAS,401019000,NASUGBU
400000000,IV-A,401000000,BATANGAS,401020000,PADRE GARCIA
400000000,IV-A,401000000,BATANGAS,401021000,ROSARIO
400000000,IV-A,401000000,BATANGAS,401022000,SAN JOSE
400000000,IV-A,401000000,BATANGAS,401023000,SAN JUAN
400000000,IV-A,401000000,BATANGAS,401024000,SAN LUIS
400000000,IV-A,401000000,BATANGAS,401025000,SAN NICOLAS
400000000,IV-A,401000000,BATANGAS,401026000,SAN PASCUAL
400000000,IV-A,401000000,BATANGAS,401027000,SANTA TERESITA
400000000,IV-A,401000000,BATANGAS,401028000,CITY OF STO. TOMAS
400000000,IV-A,401000000,BATANGAS,401029000,TAAL
400000000,IV-A,401000000,BATANGAS,401030000,TALISAY
400000000,IV-A,401000000,BATANGAS,401031000,CITY OF TANAUAN
400000000,IV-A,401000000,BATANGAS,401032000,TAYSAN
400000000,IV-A,401000000,BATANGAS,401033000,TINGLOY
400000000,IV-A,401000000,BATANGAS,401034000,TUY
400000000,IV-A,402100000,CAVITE,402101000,ALFONSO
400000000,IV-A,402100000,CAVITE,402102000,AMADEO
400000000,IV-A,402100000,CAVITE,402103000,CITY OF BACOOR
400000000,IV-A,402100000,CAVITE,402104000,CITY OF CARMONA
400000000,IV-A,402100000,CAVITE,402105000,CITY OF CAVITE
400000000,IV-A,402100000,CAVITE,402106000,CITY OF DASMARIÒAS
400000000,IV-A,402100000,CAVITE,402107000,GENERAL EMILIO AGUINALDO
400000000,IV-A,402100000,CAVITE,402108000,CITY OF GENERAL TRIAS
400000000,IV-A,402100000,CAVITE,402109000,CITY OF IMUS
400000000,IV-A,402100000,CAVITE,402110000,INDANG
400000000,IV-A,402100000,CAVITE,402111000,KAWIT
400000000,IV-A,402100000,CAVITE,402112000,MAGALLANES
400000000,IV-A,402100000,CAVITE,402113000,MARAGONDON
400000000,IV-A,402100000,CAVITE,402114000,MENDEZ
400000000,IV-A,402100000,CAVITE,402115000,NAIC
400000000,IV-A,402100000,CAVITE,402116000,NOVELETA
400000000,IV-A,402100000,CAVITE,402117000,ROSARIO
400000000,IV-A,402100000,CAVITE,402118000,SILANG
400000000,IV-A,402100000,CAVITE,402119000,CITY OF TAGAYTAY
400000000,IV-A,402100000,CAVITE,402120000,TANZA
400000000,IV-A,402100000,CAVITE,402121000,TERNATE
400000000,IV-A,402100000,CAVITE,402122000,CITY OF TRECE MARTIRES
400000000,IV-A,402100000,CAVITE,402123000,GEN. MARIANO ALVAREZ
400000000,IV-A,403400000,LAGUNA,403401000,ALAMINOS
400000000,IV-A,403400000,LAGUNA,403402000,BAY
400000000,IV-A,403400000,LAGUNA,403403000,CITY OF BIÒAN
400000000,IV-A,403400000,LAGUNA,403404000,CITY OF CABUYAO
400000000,IV-A,403400000,LAGUNA,403405000,CITY OF CALAMBA
400000000,IV-A,403400000,LAGUNA,403406000,CALAUAN
400000000,IV-A,403400000,LAGUNA,403407000,CAVINTI
400000000,IV-A,403400000,LAGUNA,403408000,FAMY
400000000,IV-A,403400000,LAGUNA,403409000,KALAYAAN
400000000,IV-A,403400000,LAGUNA,403410000,LILIW
400000000,IV-A,403400000,LAGUNA,403411000,LOS BAÒOS
400000000,IV-A,403400000,LAGUNA,403412000,LUISIANA
400000000,IV-A,403400000,LAGUNA,403413000,LUMBAN
400000000,IV-A,403400000,LAGUNA,403414000,MABITAC
400000000,IV-A,403400000,LAGUNA,403415000,MAGDALENA
400000000,IV-A,403400000,LAGUNA,403416000,MAJAYJAY
400000000,IV-A,403400000,LAGUNA,403417000,NAGCARLAN
400000000,IV-A,403400000,LAGUNA,403418000,PAETE
400000000,IV-A,403400000,LAGUNA,403419000,PAGSANJAN
400000000,IV-A,403400000,LAGUNA,403420000,PAKIL
400000000,IV-A,403400000,LAGUNA,403421000,PANGIL
400000000,IV-A,403400000,LAGUNA,403422000,PILA
400000000,IV-A,403400000,LAGUNA,403423000,RIZAL
400000000,IV-A,403400000,LAGUNA,403424000,CITY OF SAN PABLO
400000000,IV-A,403400000,LAGUNA,403425000,CITY OF SAN PEDRO
400000000,IV-A,403400000,LAGUNA,403426000,SANTA CRUZ
400000000,IV-A,403400000,LAGUNA,403427000,SANTA MARIA
400000000,IV-A,403400000,LAGUNA,403428000,CITY OF SANTA ROSA
400000000,IV-A,403400000,LAGUNA,403429000,SINILOAN
400000000,IV-A,403400000,LAGUNA,403430000,VICTORIA
400000000,IV-A,405600000,QUEZON,405601000,AGDANGAN
400000000,IV-A,405600000,QUEZON,405602000,ALABAT
400000000,IV-A,405600000,QUEZON,405603000,ATIMONAN
400000000,IV-A,405600000,QUEZON,405605000,BUENAVISTA
400000000,IV-A,405600000,QUEZON,405606000,BURDEOS
400000000,IV-A,405600000,QUEZON,405607000,CALAUAG
400000000,IV-A,405600000,QUEZON,405608000,CANDELARIA
400000000,IV-A,405600000,QUEZON,405610000,CATANAUAN
400000000,IV-A,405600000,QUEZON,405615000,DOLORES
400000000,IV-A,405600000,QUEZON,405616000,GENERAL LUNA
400000000,IV-A,405600000,QUEZON,405617000,GENERAL NAKAR
400000000,IV-A,405600000,QUEZON,405618000,GUINAYANGAN
400000000,IV-A,405600000,QUEZON,405619000,GUMACA
400000000,IV-A,405600000,QUEZON,405620000,INFANTA
400000000,IV-A,405600000,QUEZON,405621000,JOMALIG
400000000,IV-A,405600000,QUEZON,405622000,LOPEZ
400000000,IV-A,405600000,QUEZON,405623000,LUCBAN
400000000,IV-A,405600000,QUEZON,405625000,MACALELON
400000000,IV-A,405600000,QUEZON,405627000,MAUBAN
400000000,IV-A,405600000,QUEZON,405628000,MULANAY
400000000,IV-A,405600000,QUEZON,405629000,PADRE BURGOS
400000000,IV-A,405600000,QUEZON,405630000,PAGBILAO
400000000,IV-A,405600000,QUEZON,405631000,PANUKULAN
400000000,IV-A,405600000,QUEZON,405632000,PATNANUNGAN
400000000,IV-A,405600000,QUEZON,405633000,PEREZ
400000000,IV-A,405600000,QUEZON,405634000,PITOGO
400000000,IV-A,405600000,QUEZON,405635000,PLARIDEL
400000000,IV-A,405600000,QUEZON,405636000,POLILLO
400000000,IV-A,405600000,QUEZON,405637000,QUEZON
400000000,IV-A,405600000,QUEZON,405638000,REAL
400000000,IV-A,405600000,QUEZON,405639000,SAMPALOC
400000000,IV-A,405600000,QUEZON,405640000,SAN ANDRES
400000000,IV-A,405600000,QUEZON,405641000,SAN ANTONIO
400000000,IV-A,405600000,QUEZON,405642000,SAN FRANCISCO
400000000,IV-A,405600000,QUEZON,405644000,SAN NARCISO
400000000,IV-A,405600000,QUEZON,405645000,SARIAYA
400000000,IV-A,405600000,QUEZON,405646000,TAGKAWAYAN
400000000,IV-A,405600000,QUEZON,405647000,CITY OF TAYABAS
400000000,IV-A,405600000,QUEZON,405648000,TIAONG
400000000,IV-A,405600000,QUEZON,405649000,UNISAN
400000000,IV-A,405800000,RIZAL,405801000,ANGONO
400000000,IV-A,405800000,RIZAL,405802000,CITY OF ANTIPOLO
400000000,IV-A,405800000,RIZAL,405803000,BARAS
400000000,IV-A,405800000,RIZAL,405804000,BINANGONAN
400000000,IV-A,405800000,RIZAL,405805000,CAINTA
400000000,IV-A,405800000,RIZAL,405806000,CARDONA
400000000,IV-A,405800000,RIZAL,405807000,JALA-JALA
400000000,IV-A,405800000,RIZAL,405808000,RODRIGUEZ
400000000,IV-A,405800000,RIZAL,405809000,MORONG
400000000,IV-A,405800000,RIZAL,405810000,PILILLA
400000000,IV-A,405800000,RIZAL,405811000,SAN MATEO
400000000,IV-A,405800000,RIZAL,405812000,TANAY
400000000,IV-A,405800000,RIZAL,405813000,TAYTAY
400000000,IV-A,405800000,RIZAL,405814000,TERESA
400000000,IV-A,431200000,CITY OF LUCENA,431200000,CITY OF LUCENA
500000000,V,500500000,ALBAY,500501000,BACACAY
500000000,V,500500000,ALBAY,500502000,CAMALIG
500000000,V,500500000,ALBAY,500503000,DARAGA
500000000,V,500500000,ALBAY,500504000,GUINOBATAN
500000000,V,500500000,ALBAY,500505000,JOVELLAR
500000000,V,500500000,ALBAY,500506000,CITY OF LEGAZPI
500000000,V,500500000,ALBAY,500507000,LIBON
500000000,V,500500000,ALBAY,500508000,CITY OF LIGAO
500000000,V,500500000,ALBAY,500509000,MALILIPOT
500000000,V,500500000,ALBAY,500510000,MALINAO
500000000,V,500500000,ALBAY,500511000,MANITO
500000000,V,500500000,ALBAY,500512000,OAS
500000000,V,500500000,ALBAY,500513000,PIO DURAN
500000000,V,500500000,ALBAY,500514000,POLANGUI
500000000,V,500500000,ALBAY,500515000,RAPU-RAPU
500000000,V,500500000,ALBAY,500516000,SANTO DOMINGO
500000000,V,500500000,ALBAY,500517000,CITY OF TABACO
500000000,V,500500000,ALBAY,500518000,TIWI
500000000,V,501600000,CAMARINES NORTE,501601000,BASUD
500000000,V,501600000,CAMARINES NORTE,501602000,CAPALONGA
500000000,V,501600000,CAMARINES NORTE,501603000,DAET
500000000,V,501600000,CAMARINES NORTE,501604000,SAN LORENZO RUIZ
500000000,V,501600000,CAMARINES NORTE,501605000,JOSE PANGANIBAN
500000000,V,501600000,CAMARINES NORTE,501606000,LABO
500000000,V,501600000,CAMARINES NORTE,501607000,MERCEDES
500000000,V,501600000,CAMARINES NORTE,501608000,PARACALE
500000000,V,501600000,CAMARINES NORTE,501609000,SAN VICENTE
500000000,V,501600000,CAMARINES NORTE,501610000,SANTA ELENA
500000000,V,501600000,CAMARINES NORTE,501611000,TALISAY
500000000,V,501600000,CAMARINES NORTE,501612000,VINZONS
500000000,V,501700000,CAMARINES SUR,501701000,BAAO
500000000,V,501700000,CAMARINES SUR,501702000,BALATAN
500000000,V,501700000,CAMARINES SUR,501703000,BATO
500000000,V,501700000,CAMARINES SUR,501704000,BOMBON
500000000,V,501700000,CAMARINES SUR,501705000,BUHI
500000000,V,501700000,CAMARINES SUR,501706000,BULA
500000000,V,501700000,CAMARINES SUR,501707000,CABUSAO
500000000,V,501700000,CAMARINES SUR,501708000,CALABANGA
500000000,V,501700000,CAMARINES SUR,501709000,CAMALIGAN
500000000,V,501700000,CAMARINES SUR,501710000,CANAMAN
500000000,V,501700000,CAMARINES SUR,501711000,CARAMOAN
500000000,V,501700000,CAMARINES SUR,501712000,DEL GALLEGO
500000000,V,501700000,CAMARINES SUR,501713000,GAINZA
500000000,V,501700000,CAMARINES SUR,501714000,GARCHITORENA
500000000,V,501700000,CAMARINES SUR,501715000,GOA
500000000,V,501700000,CAMARINES SUR,501716000,CITY OF IRIGA
500000000,V,501700000,CAMARINES SUR,501717000,LAGONOY
500000000,V,501700000,CAMARINES SUR,501718000,LIBMANAN
500000000,V,501700000,CAMARINES SUR,501719000,LUPI
500000000,V,501700000,CAMARINES SUR,501720000,MAGARAO
500000000,V,501700000,CAMARINES SUR,501721000,MILAOR
500000000,V,501700000,CAMARINES SUR,501722000,MINALABAC
500000000,V,501700000,CAMARINES SUR,501723000,NABUA
500000000,V,501700000,CAMARINES SUR,501724000,CITY OF NAGA
500000000,V,501700000,CAMARINES SUR,501725000,OCAMPO
500000000,V,501700000,CAMARINES SUR,501726000,PAMPLONA
500000000,V,501700000,CAMARINES SUR,501727000,PASACAO
500000000,V,501700000,CAMARINES SUR,501728000,PILI
500000000,V,501700000,CAMARINES SUR,501729000,PRESENTACION
500000000,V,501700000,CAMARINES SUR,501730000,RAGAY
500000000,V,501700000,CAMARINES SUR,501731000,SAGÒAY
500000000,V,501700000,CAMARINES SUR,501732000,SAN FERNANDO
500000000,V,501700000,CAMARINES SUR,501733000,SAN JOSE
500000000,V,501700000,CAMARINES SUR,501734000,SIPOCOT
500000000,V,501700000,CAMARINES SUR,501735000,SIRUMA
500000000,V,501700000,CAMARINES SUR,501736000,TIGAON
500000000,V,501700000,CAMARINES SUR,501737000,TINAMBAC
500000000,V,502000000,CATANDUANES,502001000,BAGAMANOC
500000000,V,502000000,CATANDUANES,502002000,BARAS
500000000,V,502000000,CATANDUANES,502003000,BATO
500000000,V,502000000,CATANDUANES,502004000,CARAMORAN
500000000,V,502000000,CATANDUANES,502005000,GIGMOTO
500000000,V,502000000,CATANDUANES,502006000,PANDAN
500000000,V,502000000,CATANDUANES,502007000,PANGANIBAN
500000000,V,502000000,CATANDUANES,502008000,SAN ANDRES
500000000,V,502000000,CATANDUANES,502009000,SAN MIGUEL
500000000,V,502000000,CATANDUANES,502010000,VIGA
500000000,V,502000000,CATANDUANES,502011000,VIRAC
500000000,V,504100000,MASBATE,504101000,AROROY
500000000,V,504100000,MASBATE,504102000,BALENO
500000000,V,504100000,MASBATE,504103000,BALUD
500000000,V,504100000,MASBATE,504104000,BATUAN
500000000,V,504100000,MASBATE,504105000,CATAINGAN
500000000,V,504100000,MASBATE,504106000,CAWAYAN
500000000,V,504100000,MASBATE,504107000,CLAVERIA
500000000,V,504100000,MASBATE,504108000,DIMASALANG
500000000,V,504100000,MASBATE,504109000,ESPERANZA
500000000,V,504100000,MASBATE,504110000,MANDAON
500000000,V,504100000,MASBATE,504111000,CITY OF MASBATE
500000000,V,504100000,MASBATE,504112000,MILAGROS
500000000,V,504100000,MASBATE,504113000,MOBO
500000000,V,504100000,MASBATE,504114000,MONREAL
500000000,V,504100000,MASBATE,504115000,PALANAS
500000000,V,504100000,MASBATE,504116000,PIO V. CORPUS
500000000,V,504100000,MASBATE,504117000,PLACER
500000000,V,504100000,MASBATE,504118000,SAN FERNANDO
500000000,V,504100000,MASBATE,504119000,SAN JACINTO
500000000,V,504100000,MASBATE,504120000,SAN PASCUAL
500000000,V,504100000,MASBATE,504121000,USON
500000000,V,506200000,SORSOGON,506202000,BARCELONA
500000000,V,506200000,SORSOGON,506203000,BULAN
500000000,V,506200000,SORSOGON,506204000,BULUSAN
500000000,V,506200000,SORSOGON,506205000,CASIGURAN
500000000,V,506200000,SORSOGON,506206000,CASTILLA
500000000,V,506200000,SORSOGON,506207000,DONSOL
500000000,V,506200000,SORSOGON,506208000,GUBAT
500000000,V,506200000,SORSOGON,506209000,IROSIN
500000000,V,506200000,SORSOGON,506210000,JUBAN
500000000,V,506200000,SORSOGON,506211000,MAGALLANES
500000000,V,506200000,SORSOGON,506212000,MATNOG
500000000,V,506200000,SORSOGON,506213000,PILAR
500000000,V,506200000,SORSOGON,506214000,PRIETO DIAZ
500000000,V,506200000,SORSOGON,506215000,SANTA MAGDALENA
500000000,V,506200000,SORSOGON,506216000,CITY OF SORSOGON
600000000,VI,600400000,AKLAN,600401000,ALTAVAS
600000000,VI,600400000,AKLAN,600402000,BALETE
600000000,VI,600400000,AKLAN,600403000,BANGA
600000000,VI,600400000,AKLAN,600404000,BATAN
600000000,VI,600400000,AKLAN,600405000,BURUANGA
600000000,VI,600400000,AKLAN,600406000,IBAJAY
600000000,VI,600400000,AKLAN,600407000,KALIBO
600000000,VI,600400000,AKLAN,600408000,LEZO
600000000,VI,600400000,AKLAN,600409000,LIBACAO
600000000,VI,600400000,AKLAN,600410000,MADALAG
600000000,VI,600400000,AKLAN,600411000,MAKATO
600000000,VI,600400000,AKLAN,600412000,MALAY
600000000,VI,600400000,AKLAN,600413000,MALINAO
600000000,VI,600400000,AKLAN,600414000,NABAS
600000000,VI,600400000,AKLAN,600415000,NEW WASHINGTON
600000000,VI,600400000,AKLAN,600416000,NUMANCIA
600000000,VI,600400000,AKLAN,600417000,TANGALAN
600000000,VI,600600000,ANTIQUE,600601000,ANINI-Y
600000000,VI,600600000,ANTIQUE,600602000,BARBAZA
600000000,VI,600600000,ANTIQUE,600603000,BELISON
600000000,VI,600600000,ANTIQUE,600604000,BUGASONG
600000000,VI,600600000,ANTIQUE,600605000,CALUYA
600000000,VI,600600000,ANTIQUE,600606000,CULASI
600000000,VI,600600000,ANTIQUE,600607000,TOBIAS FORNIER
600000000,VI,600600000,ANTIQUE,600608000,HAMTIC
600000000,VI,600600000,ANTIQUE,600609000,LAUA-AN
600000000,VI,600600000,ANTIQUE,600610000,LIBERTAD
600000000,VI,600600000,ANTIQUE,600611000,PANDAN
600000000,VI,600600000,ANTIQUE,600612000,PATNONGON
600000000,VI,600600000,ANTIQUE,600613000,SAN JOSE
600000000,VI,600600000,ANTIQUE,600614000,SAN REMIGIO
600000000,VI,600600000,ANTIQUE,600615000,SEBASTE
600000000,VI,600600000,ANTIQUE,600616000,SIBALOM
600000000,VI,600600000,ANTIQUE,600617000,TIBIAO
600000000,VI,600600000,ANTIQUE,600618000,VALDERRAMA
600000000,VI,601900000,CAPIZ,601901000,CUARTERO
600000000,VI,601900000,CAPIZ,601902000,DAO
600000000,VI,601900000,CAPIZ,601903000,DUMALAG
600000000,VI,601900000,CAPIZ,601904000,DUMARAO
600000000,VI,601900000,CAPIZ,601905000,IVISAN
600000000,VI,601900000,CAPIZ,601906000,JAMINDAN
600000000,VI,601900000,CAPIZ,601907000,MA-AYON
600000000,VI,601900000,CAPIZ,601908000,MAMBUSAO
600000000,VI,601900000,CAPIZ,601909000,PANAY
600000000,VI,601900000,CAPIZ,601910000,PANITAN
600000000,VI,601900000,CAPIZ,601911000,PILAR
600000000,VI,601900000,CAPIZ,601912000,PONTEVEDRA
600000000,VI,601900000,CAPIZ,601913000,PRESIDENT ROXAS
600000000,VI,601900000,CAPIZ,601914000,CITY OF ROXAS
600000000,VI,601900000,CAPIZ,601915000,SAPI-AN
600000000,VI,601900000,CAPIZ,601916000,SIGMA
600000000,VI,601900000,CAPIZ,601917000,TAPAZ
600000000,VI,603000000,ILOILO,603001000,AJUY
600000000,VI,603000000,ILOILO,603002000,ALIMODIAN
600000000,VI,603000000,ILOILO,603003000,ANILAO
600000000,VI,603000000,ILOILO,603004000,BADIANGAN
600000000,VI,603000000,ILOILO,603005000,BALASAN
600000000,VI,603000000,ILOILO,603006000,BANATE
600000000,VI,603000000,ILOILO,603007000,BAROTAC NUEVO
600000000,VI,603000000,ILOILO,603008000,BAROTAC VIEJO
600000000,VI,603000000,ILOILO,603009000,BATAD
600000000,VI,603000000,ILOILO,603010000,BINGAWAN
600000000,VI,603000000,ILOILO,603012000,CABATUAN
600000000,VI,603000000,ILOILO,603013000,CALINOG
600000000,VI,603000000,ILOILO,603014000,CARLES
600000000,VI,603000000,ILOILO,603015000,CONCEPCION
600000000,VI,603000000,ILOILO,603016000,DINGLE
600000000,VI,603000000,ILOILO,603017000,DUEÒAS
600000000,VI,603000000,ILOILO,603018000,DUMANGAS
600000000,VI,603000000,ILOILO,603019000,ESTANCIA
600000000,VI,603000000,ILOILO,603020000,GUIMBAL
600000000,VI,603000000,ILOILO,603021000,IGBARAS
600000000,VI,603000000,ILOILO,603023000,JANIUAY
600000000,VI,603000000,ILOILO,603025000,LAMBUNAO
600000000,VI,603000000,ILOILO,603026000,LEGANES
600000000,VI,603000000,ILOILO,603027000,LEMERY
600000000,VI,603000000,ILOILO,603028000,LEON
600000000,VI,603000000,ILOILO,603029000,MAASIN
600000000,VI,603000000,ILOILO,603030000,MIAGAO
600000000,VI,603000000,ILOILO,603031000,MINA
600000000,VI,603000000,ILOILO,603032000,NEW LUCENA
600000000,VI,603000000,ILOILO,603034000,OTON
600000000,VI,603000000,ILOILO,603035000,CITY OF PASSI
600000000,VI,603000000,ILOILO,603036000,PAVIA
600000000,VI,603000000,ILOILO,603037000,POTOTAN
600000000,VI,603000000,ILOILO,603038000,SAN DIONISIO
600000000,VI,603000000,ILOILO,603039000,SAN ENRIQUE
600000000,VI,603000000,ILOILO,603040000,SAN JOAQUIN
600000000,VI,603000000,ILOILO,603041000,SAN MIGUEL
600000000,VI,603000000,ILOILO,603042000,SAN RAFAEL
600000000,VI,603000000,ILOILO,603043000,SANTA BARBARA
600000000,VI,603000000,ILOILO,603044000,SARA
600000000,VI,603000000,ILOILO,603045000,TIGBAUAN
600000000,VI,603000000,ILOILO,603046000,TUBUNGAN
600000000,VI,603000000,ILOILO,603047000,ZARRAGA
600000000,VI,607900000,GUIMARAS,607901000,BUENAVISTA
600000000,VI,607900000,GUIMARAS,607902000,JORDAN
600000000,VI,607900000,GUIMARAS,607903000,NUEVA VALENCIA
600000000,VI,607900000,GUIMARAS,607904000,SAN LORENZO
600000000,VI,607900000,GUIMARAS,607905000,SIBUNAG
600000000,VI,631000000,CITY OF ILOILO,631000000,CITY OF ILOILO
700000000,VII,701200000,BOHOL,701201000,ALBURQUERQUE
700000000,VII,701200000,BOHOL,701202000,ALICIA
700000000,VII,701200000,BOHOL,701203000,ANDA
700000000,VII,701200000,BOHOL,701204000,ANTEQUERA
700000000,VII,701200000,BOHOL,701205000,BACLAYON
700000000,VII,701200000,BOHOL,701206000,BALILIHAN
700000000,VII,701200000,BOHOL,701207000,BATUAN
700000000,VII,701200000,BOHOL,701208000,BILAR
700000000,VII,701200000,BOHOL,701209000,BUENAVISTA
700000000,VII,701200000,BOHOL,701210000,CALAPE
700000000,VII,701200000,BOHOL,701211000,CANDIJAY
700000000,VII,701200000,BOHOL,701212000,CARMEN
700000000,VII,701200000,BOHOL,701213000,CATIGBIAN
700000000,VII,701200000,BOHOL,701214000,CLARIN
700000000,VII,701200000,BOHOL,701215000,CORELLA
700000000,VII,701200000,BOHOL,701216000,CORTES
700000000,VII,701200000,BOHOL,701217000,DAGOHOY
700000000,VII,701200000,BOHOL,701218000,DANAO
700000000,VII,701200000,BOHOL,701219000,DAUIS
700000000,VII,701200000,BOHOL,701220000,DIMIAO
700000000,VII,701200000,BOHOL,701221000,DUERO
700000000,VII,701200000,BOHOL,701222000,GARCIA HERNANDEZ
700000000,VII,701200000,BOHOL,701223000,GUINDULMAN
700000000,VII,701200000,BOHOL,701224000,INABANGA
700000000,VII,701200000,BOHOL,701225000,JAGNA
700000000,VII,701200000,BOHOL,701226000,GETAFE
700000000,VII,701200000,BOHOL,701227000,LILA
700000000,VII,701200000,BOHOL,701228000,LOAY
700000000,VII,701200000,BOHOL,701229000,LOBOC
700000000,VII,701200000,BOHOL,701230000,LOON
700000000,VII,701200000,BOHOL,701231000,MABINI
700000000,VII,701200000,BOHOL,701232000,MARIBOJOC
700000000,VII,701200000,BOHOL,701233000,PANGLAO
700000000,VII,701200000,BOHOL,701234000,PILAR
700000000,VII,701200000,BOHOL,701235000,PRESIDENT CARLOS P. GARCIA
700000000,VII,701200000,BOHOL,701236000,SAGBAYAN
700000000,VII,701200000,BOHOL,701237000,SAN ISIDRO
700000000,VII,701200000,BOHOL,701238000,SAN MIGUEL
700000000,VII,701200000,BOHOL,701239000,SEVILLA
700000000,VII,701200000,BOHOL,701240000,SIERRA BULLONES
700000000,VII,701200000,BOHOL,701241000,SIKATUNA
700000000,VII,701200000,BOHOL,701242000,CITY OF TAGBILARAN
700000000,VII,701200000,BOHOL,701243000,TALIBON
700000000,VII,701200000,BOHOL,701244000,TRINIDAD
700000000,VII,701200000,BOHOL,701245000,TUBIGON
700000000,VII,701200000,BOHOL,701246000,UBAY
700000000,VII,701200000,BOHOL,701247000,VALENCIA
700000000,VII,701200000,BOHOL,701248000,BIEN UNIDO
700000000,VII,702200000,CEBU,702201000,ALCANTARA
700000000,VII,702200000,CEBU,702202000,ALCOY
700000000,VII,702200000,CEBU,702203000,ALEGRIA
700000000,VII,702200000,CEBU,702204000,ALOGUINSAN
700000000,VII,702200000,CEBU,702205000,ARGAO
700000000,VII,702200000,CEBU,702206000,ASTURIAS
700000000,VII,702200000,CEBU,702207000,BADIAN
700000000,VII,702200000,CEBU,702208000,BALAMBAN
700000000,VII,702200000,CEBU,702209000,BANTAYAN
700000000,VII,702200000,CEBU,702210000,BARILI
700000000,VII,702200000,CEBU,702211000,CITY OF BOGO
700000000,VII,702200000,CEBU,702212000,BOLJOON
700000000,VII,702200000,CEBU,702213000,BORBON
700000000,VII,702200000,CEBU,702214000,CITY OF CARCAR
700000000,VII,702200000,CEBU,702215000,CARMEN
700000000,VII,702200000,CEBU,702216000,CATMON
700000000,VII,702200000,CEBU,702218000,COMPOSTELA
700000000,VII,702200000,CEBU,702219000,CONSOLACION
700000000,VII,702200000,CEBU,702220000,CORDOVA
700000000,VII,702200000,CEBU,702221000,DAANBANTAYAN
700000000,VII,702200000,CEBU,702222000,DALAGUETE
700000000,VII,702200000,CEBU,702223000,DANAO CITY
700000000,VII,702200000,CEBU,702224000,DUMANJUG
700000000,VII,702200000,CEBU,702225000,GINATILAN
700000000,VII,702200000,CEBU,702227000,LILOAN
700000000,VII,702200000,CEBU,702228000,MADRIDEJOS
700000000,VII,702200000,CEBU,702229000,MALABUYOC
700000000,VII,702200000,CEBU,702231000,MEDELLIN
700000000,VII,702200000,CEBU,702232000,MINGLANILLA
700000000,VII,702200000,CEBU,702233000,MOALBOAL
700000000,VII,702200000,CEBU,702234000,CITY OF NAGA
700000000,VII,702200000,CEBU,702235000,OSLOB
700000000,VII,702200000,CEBU,702236000,PILAR
700000000,VII,702200000,CEBU,702237000,PINAMUNGAJAN
700000000,VII,702200000,CEBU,702238000,PORO
700000000,VII,702200000,CEBU,702239000,RONDA
700000000,VII,702200000,CEBU,702240000,SAMBOAN
700000000,VII,702200000,CEBU,702241000,SAN FERNANDO
700000000,VII,702200000,CEBU,702242000,SAN FRANCISCO
700000000,VII,702200000,CEBU,702243000,SAN REMIGIO
700000000,VII,702200000,CEBU,702244000,SANTA FE
700000000,VII,702200000,CEBU,702245000,SANTANDER
700000000,VII,702200000,CEBU,702246000,SIBONGA
700000000,VII,702200000,CEBU,702247000,SOGOD
700000000,VII,702200000,CEBU,702248000,TABOGON
700000000,VII,702200000,CEBU,702249000,TABUELAN
700000000,VII,702200000,CEBU,702250000,CITY OF TALISAY
700000000,VII,702200000,CEBU,702251000,CITY OF TOLEDO
700000000,VII,702200000,CEBU,702252000,TUBURAN
700000000,VII,702200000,CEBU,702253000,TUDELA
700000000,VII,730600000,CITY OF CEBU,730600000,CITY OF CEBU
700000000,VII,731100000,CITY OF LAPU-LAPU,731100000,CITY OF LAPU-LAPU
700000000,VII,731300000,CITY OF MANDAUE,731300000,CITY OF MANDAUE
800000000,VIII,802600000,EASTERN SAMAR,802601000,ARTECHE
800000000,VIII,802600000,EASTERN SAMAR,802602000,BALANGIGA
800000000,VIII,802600000,EASTERN SAMAR,802603000,BALANGKAYAN
800000000,VIII,802600000,EASTERN SAMAR,802604000,CITY OF BORONGAN
800000000,VIII,802600000,EASTERN SAMAR,802605000,CAN-AVID
800000000,VIII,802600000,EASTERN SAMAR,802606000,DOLORES
800000000,VIII,802600000,EASTERN SAMAR,802607000,GENERAL MACARTHUR
800000000,VIII,802600000,EASTERN SAMAR,802608000,GIPORLOS
800000000,VIII,802600000,EASTERN SAMAR,802609000,GUIUAN
800000000,VIII,802600000,EASTERN SAMAR,802610000,HERNANI
800000000,VIII,802600000,EASTERN SAMAR,802611000,JIPAPAD
800000000,VIII,802600000,EASTERN SAMAR,802612000,LAWAAN
800000000,VIII,802600000,EASTERN SAMAR,802613000,LLORENTE
800000000,VIII,802600000,EASTERN SAMAR,802614000,MASLOG
800000000,VIII,802600000,EASTERN SAMAR,802615000,MAYDOLONG
800000000,VIII,802600000,EASTERN SAMAR,802616000,MERCEDES
800000000,VIII,802600000,EASTERN SAMAR,802617000,ORAS
800000000,VIII,802600000,EASTERN SAMAR,802618000,QUINAPONDAN
800000000,VIII,802600000,EASTERN SAMAR,802619000,SALCEDO
800000000,VIII,802600000,EASTERN SAMAR,802620000,SAN JULIAN
800000000,VIII,802600000,EASTERN SAMAR,802621000,SAN POLICARPO
800000000,VIII,802600000,EASTERN SAMAR,802622000,SULAT
800000000,VIII,802600000,EASTERN SAMAR,802623000,TAFT
800000000,VIII,803700000,LEYTE,803701000,ABUYOG
800000000,VIII,803700000,LEYTE,803702000,ALANGALANG
800000000,VIII,803700000,LEYTE,803703000,ALBUERA
800000000,VIII,803700000,LEYTE,803705000,BABATNGON
800000000,VIII,803700000,LEYTE,803706000,BARUGO
800000000,VIII,803700000,LEYTE,803707000,BATO
800000000,VIII,803700000,LEYTE,803708000,CITY OF BAYBAY
800000000,VIII,803700000,LEYTE,803710000,BURAUEN
800000000,VIII,803700000,LEYTE,803713000,CALUBIAN
800000000,VIII,803700000,LEYTE,803714000,CAPOOCAN
800000000,VIII,803700000,LEYTE,803715000,CARIGARA
800000000,VIII,803700000,LEYTE,803717000,DAGAMI
800000000,VIII,803700000,LEYTE,803718000,DULAG
800000000,VIII,803700000,LEYTE,803719000,HILONGOS
800000000,VIII,803700000,LEYTE,803720000,HINDANG
800000000,VIII,803700000,LEYTE,803721000,INOPACAN
800000000,VIII,803700000,LEYTE,803722000,ISABEL
800000000,VIII,803700000,LEYTE,803723000,JARO
800000000,VIII,803700000,LEYTE,803724000,JAVIER
800000000,VIII,803700000,LEYTE,803725000,JULITA
800000000,VIII,803700000,LEYTE,803726000,KANANGA
800000000,VIII,803700000,LEYTE,803728000,LA PAZ
800000000,VIII,803700000,LEYTE,803729000,LEYTE
800000000,VIII,803700000,LEYTE,803730000,MACARTHUR
800000000,VIII,803700000,LEYTE,803731000,MAHAPLAG
800000000,VIII,803700000,LEYTE,803733000,MATAG-OB
800000000,VIII,803700000,LEYTE,803734000,MATALOM
800000000,VIII,803700000,LEYTE,803735000,MAYORGA
800000000,VIII,803700000,LEYTE,803736000,MERIDA
800000000,VIII,803700000,LEYTE,803738000,ORMOC CITY
800000000,VIII,803700000,LEYTE,803739000,PALO
800000000,VIII,803700000,LEYTE,803740000,PALOMPON
800000000,VIII,803700000,LEYTE,803741000,PASTRANA
800000000,VIII,803700000,LEYTE,803742000,SAN ISIDRO
800000000,VIII,803700000,LEYTE,803743000,SAN MIGUEL
800000000,VIII,803700000,LEYTE,803744000,SANTA FE
800000000,VIII,803700000,LEYTE,803745000,TABANGO
800000000,VIII,803700000,LEYTE,803746000,TABONTABON
800000000,VIII,803700000,LEYTE,803748000,TANAUAN
800000000,VIII,803700000,LEYTE,803749000,TOLOSA
800000000,VIII,803700000,LEYTE,803750000,TUNGA
800000000,VIII,803700000,LEYTE,803751000,VILLABA
800000000,VIII,804800000,NORTHERN SAMAR,804801000,ALLEN
800000000,VIII,804800000,NORTHERN SAMAR,804802000,BIRI
800000000,VIII,804800000,NORTHERN SAMAR,804803000,BOBON
800000000,VIII,804800000,NORTHERN SAMAR,804804000,CAPUL
800000000,VIII,804800000,NORTHERN SAMAR,804805000,CATARMAN
800000000,VIII,804800000,NORTHERN SAMAR,804806000,CATUBIG
800000000,VIII,804800000,NORTHERN SAMAR,804807000,GAMAY
800000000,VIII,804800000,NORTHERN SAMAR,804808000,LAOANG
800000000,VIII,804800000,NORTHERN SAMAR,804809000,LAPINIG
800000000,VIII,804800000,NORTHERN SAMAR,804810000,LAS NAVAS
800000000,VIII,804800000,NORTHERN SAMAR,804811000,LAVEZARES
800000000,VIII,804800000,NORTHERN SAMAR,804812000,MAPANAS
800000000,VIII,804800000,NORTHERN SAMAR,804813000,MONDRAGON
800000000,VIII,804800000,NORTHERN SAMAR,804814000,PALAPAG
800000000,VIII,804800000,NORTHERN SAMAR,804815000,PAMBUJAN
800000000,VIII,804800000,NORTHERN SAMAR,804816000,ROSARIO
800000000,VIII,804800000,NORTHERN SAMAR,804817000,SAN ANTONIO
800000000,VIII,804800000,NORTHERN SAMAR,804818000,SAN ISIDRO
800000000,VIII,804800000,NORTHERN SAMAR,804819000,SAN JOSE
800000000,VIII,804800000,NORTHERN SAMAR,804820000,SAN ROQUE
800000000,VIII,804800000,NORTHERN SAMAR,804821000,SAN VICENTE
800000000,VIII,804800000,NORTHERN SAMAR,804822000,SILVINO LOBOS
800000000,VIII,804800000,NORTHERN SAMAR,804823000,VICTORIA
800000000,VIII,804800000,NORTHERN SAMAR,804824000,LOPE DE VEGA
800000000,VIII,806000000,SAMAR,806001000,ALMAGRO
800000000,VIII,806000000,SAMAR,806002000,BASEY
800000000,VIII,806000000,SAMAR,806003000,CITY OF CALBAYOG
800000000,VIII,806000000,SAMAR,806004000,CALBIGA
800000000,VIII,806000000,SAMAR,806005000,CITY OF CATBALOGAN
800000000,VIII,806000000,SAMAR,806006000,DARAM
800000000,VIII,806000000,SAMAR,806007000,GANDARA
800000000,VIII,806000000,SAMAR,806008000,HINABANGAN
800000000,VIII,806000000,SAMAR,806009000,JIABONG
800000000,VIII,806000000,SAMAR,806010000,MARABUT
800000000,VIII,806000000,SAMAR,806011000,MATUGUINAO
800000000,VIII,806000000,SAMAR,806012000,MOTIONG
800000000,VIII,806000000,SAMAR,806013000,PINABACDAO
800000000,VIII,806000000,SAMAR,806014000,SAN JOSE DE BUAN
800000000,VIII,806000000,SAMAR,806015000,SAN SEBASTIAN
800000000,VIII,806000000,SAMAR,806016000,SANTA MARGARITA
800000000,VIII,806000000,SAMAR,806017000,SANTA RITA
800000000,VIII,806000000,SAMAR,806018000,SANTO NIÒO
800000000,VIII,806000000,SAMAR,806019000,TALALORA
800000000,VIII,806000000,SAMAR,806020000,TARANGNAN
800000000,VIII,806000000,SAMAR,806021000,VILLAREAL
800000000,VIII,806000000,SAMAR,806022000,PARANAS
800000000,VIII,806000000,SAMAR,806023000,ZUMARRAGA
800000000,VIII,806000000,SAMAR,806024000,TAGAPUL-AN
800000000,VIII,806000000,SAMAR,806025000,SAN JORGE
800000000,VIII,806000000,SAMAR,806026000,PAGSANGHAN
800000000,VIII,806400000,SOUTHERN LEYTE,806401000,ANAHAWAN
800000000,VIII,806400000,SOUTHERN LEYTE,806402000,BONTOC
800000000,VIII,806400000,SOUTHERN LEYTE,806403000,HINUNANGAN
800000000,VIII,806400000,SOUTHERN LEYTE,806404000,HINUNDAYAN
800000000,VIII,806400000,SOUTHERN LEYTE,806405000,LIBAGON
800000000,VIII,806400000,SOUTHERN LEYTE,806406000,LILOAN
800000000,VIII,806400000,SOUTHERN LEYTE,806407000,CITY OF MAASIN
800000000,VIII,806400000,SOUTHERN LEYTE,806408000,MACROHON
800000000,VIII,806400000,SOUTHERN LEYTE,806409000,MALITBOG
800000000,VIII,806400000,SOUTHERN LEYTE,806410000,PADRE BURGOS
800000000,VIII,806400000,SOUTHERN LEYTE,806411000,PINTUYAN
800000000,VIII,806400000,SOUTHERN LEYTE,806412000,SAINT BERNARD
800000000,VIII,806400000,SOUTHERN LEYTE,806413000,SAN FRANCISCO
800000000,VIII,806400000,SOUTHERN LEYTE,806414000,SAN JUAN
800000000,VIII,806400000,SOUTHERN LEYTE,806415000,SAN RICARDO
800000000,VIII,806400000,SOUTHERN LEYTE,806416000,SILAGO
800000000,VIII,806400000,SOUTHERN LEYTE,806417000,SOGOD
800000000,VIII,806400000,SOUTHERN LEYTE,806418000,TOMAS OPPUS
800000000,VIII,806400000,SOUTHERN LEYTE,806419000,LIMASAWA
800000000,VIII,807800000,BILIRAN,807801000,ALMERIA
800000000,VIII,807800000,BILIRAN,807802000,BILIRAN
800000000,VIII,807800000,BILIRAN,807803000,CABUCGAYAN
800000000,VIII,807800000,BILIRAN,807804000,CAIBIRAN
800000000,VIII,807800000,BILIRAN,807805000,CULABA
800000000,VIII,807800000,BILIRAN,807806000,KAWAYAN
800000000,VIII,807800000,BILIRAN,807807000,MARIPIPI
800000000,VIII,807800000,BILIRAN,807808000,NAVAL
800000000,VIII,831600000,CITY OF TACLOBAN,831600000,CITY OF TACLOBAN
900000000,IX,907200000,ZAMBOANGA DEL NORTE,907201000,CITY OF DAPITAN
900000000,IX,907200000,ZAMBOANGA DEL NORTE,907202000,CITY OF DIPOLOG
900000000,IX,907200000,ZAMBOANGA DEL NORTE,907203000,KATIPUNAN
900000000,IX,907200000,ZAMBOANGA DEL NORTE,907204000,LA LIBERTAD
900000000,IX,907200000,ZAMBOANGA DEL NORTE,907205000,LABASON
900000000,IX,907200000,ZAMBOANGA DEL NORTE,907206000,LILOY
900000000,IX,907200000,ZAMBOANGA DEL NORTE,907207000,MANUKAN
900000000,IX,907200000,ZAMBOANGA DEL NORTE,907208000,MUTIA
900000000,IX,907200000,ZAMBOANGA DEL NORTE,907209000,PIÒAN
900000000,IX,907200000,ZAMBOANGA DEL NORTE,907210000,POLANCO
900000000,IX,907200000,ZAMBOANGA DEL NORTE,907211000,PRES. MANUEL A. ROXAS
900000000,IX,907200000,ZAMBOANGA DEL NORTE,907212000,RIZAL
900000000,IX,907200000,ZAMBOANGA DEL NORTE,907213000,SALUG
900000000,IX,907200000,ZAMBOANGA DEL NORTE,907214000,SERGIO OSMEÒA SR.
900000000,IX,907200000,ZAMBOANGA DEL NORTE,907215000,SIAYAN
900000000,IX,907200000,ZAMBOANGA DEL NORTE,907216000,SIBUCO
900000000,IX,907200000,ZAMBOANGA DEL NORTE,907217000,SIBUTAD
900000000,IX,907200000,ZAMBOANGA DEL NORTE,907218000,SINDANGAN
900000000,IX,907200000,ZAMBOANGA DEL NORTE,907219000,SIOCON
900000000,IX,907200000,ZAMBOANGA DEL NORTE,907220000,SIRAWAI
900000000,IX,907200000,ZAMBOANGA DEL NORTE,907221000,TAMPILISAN
900000000,IX,907200000,ZAMBOANGA DEL NORTE,907222000,JOSE DALMAN
900000000,IX,907200000,ZAMBOANGA DEL NORTE,907223000,GUTALAC
900000000,IX,907200000,ZAMBOANGA DEL NORTE,907224000,BALIGUIAN
900000000,IX,907200000,ZAMBOANGA DEL NORTE,907225000,GODOD
900000000,IX,907200000,ZAMBOANGA DEL NORTE,907226000,LEON T. POSTIGO
900000000,IX,907200000,ZAMBOANGA DEL NORTE,907227000,KALAWIT
900000000,IX,907300000,ZAMBOANGA DEL SUR,907302000,AURORA
900000000,IX,907300000,ZAMBOANGA DEL SUR,907303000,BAYOG
900000000,IX,907300000,ZAMBOANGA DEL SUR,907305000,DIMATALING
900000000,IX,907300000,ZAMBOANGA DEL SUR,907306000,DINAS
900000000,IX,907300000,ZAMBOANGA DEL SUR,907307000,DUMALINAO
900000000,IX,907300000,ZAMBOANGA DEL SUR,907308000,DUMINGAG
900000000,IX,907300000,ZAMBOANGA DEL SUR,907311000,KUMALARANG
900000000,IX,907300000,ZAMBOANGA DEL SUR,907312000,LABANGAN
900000000,IX,907300000,ZAMBOANGA DEL SUR,907313000,LAPUYAN
900000000,IX,907300000,ZAMBOANGA DEL SUR,907315000,MAHAYAG
900000000,IX,907300000,ZAMBOANGA DEL SUR,907317000,MARGOSATUBIG
900000000,IX,907300000,ZAMBOANGA DEL SUR,907318000,MIDSALIP
900000000,IX,907300000,ZAMBOANGA DEL SUR,907319000,MOLAVE
900000000,IX,907300000,ZAMBOANGA DEL SUR,907322000,CITY OF PAGADIAN
900000000,IX,907300000,ZAMBOANGA DEL SUR,907323000,RAMON MAGSAYSAY
900000000,IX,907300000,ZAMBOANGA DEL SUR,907324000,SAN MIGUEL
900000000,IX,907300000,ZAMBOANGA DEL SUR,907325000,SAN PABLO
900000000,IX,907300000,ZAMBOANGA DEL SUR,907327000,TABINA
900000000,IX,907300000,ZAMBOANGA DEL SUR,907328000,TAMBULIG
900000000,IX,907300000,ZAMBOANGA DEL SUR,907330000,TUKURAN
900000000,IX,907300000,ZAMBOANGA DEL SUR,907333000,LAKEWOOD
900000000,IX,907300000,ZAMBOANGA DEL SUR,907337000,JOSEFINA
900000000,IX,907300000,ZAMBOANGA DEL SUR,907338000,PITOGO
900000000,IX,907300000,ZAMBOANGA DEL SUR,907340000,SOMINOT
900000000,IX,907300000,ZAMBOANGA DEL SUR,907341000,VINCENZO A. SAGUN
900000000,IX,907300000,ZAMBOANGA DEL SUR,907343000,GUIPOS
900000000,IX,907300000,ZAMBOANGA DEL SUR,907344000,TIGBAO
900000000,IX,908300000,ZAMBOANGA SIBUGAY,908301000,ALICIA
900000000,IX,908300000,ZAMBOANGA SIBUGAY,908302000,BUUG
900000000,IX,908300000,ZAMBOANGA SIBUGAY,908303000,DIPLAHAN
900000000,IX,908300000,ZAMBOANGA SIBUGAY,908304000,IMELDA
900000000,IX,908300000,ZAMBOANGA SIBUGAY,908305000,IPIL
900000000,IX,908300000,ZAMBOANGA SIBUGAY,908306000,KABASALAN
900000000,IX,908300000,ZAMBOANGA SIBUGAY,908307000,MABUHAY
900000000,IX,908300000,ZAMBOANGA SIBUGAY,908308000,MALANGAS
900000000,IX,908300000,ZAMBOANGA SIBUGAY,908309000,NAGA
900000000,IX,908300000,ZAMBOANGA SIBUGAY,908310000,OLUTANGA
900000000,IX,908300000,ZAMBOANGA SIBUGAY,908311000,PAYAO
900000000,IX,908300000,ZAMBOANGA SIBUGAY,908312000,ROSELLER LIM
900000000,IX,908300000,ZAMBOANGA SIBUGAY,908313000,SIAY
900000000,IX,908300000,ZAMBOANGA SIBUGAY,908314000,TALUSAN
900000000,IX,908300000,ZAMBOANGA SIBUGAY,908315000,TITAY
900000000,IX,908300000,ZAMBOANGA SIBUGAY,908316000,TUNGAWAN
900000000,IX,931700000,CITY OF ZAMBOANGA,931700000,CITY OF ZAMBOANGA
900000000,IX,990101000,CITY OF ISABELA,990101000,CITY OF ISABELA
1000000000,X,1001300000,BUKIDNON,1001301000,BAUNGON
1000000000,X,1001300000,BUKIDNON,1001302000,DAMULOG
1000000000,X,1001300000,BUKIDNON,1001303000,DANGCAGAN
1000000000,X,1001300000,BUKIDNON,1001304000,DON CARLOS
1000000000,X,1001300000,BUKIDNON,1001305000,IMPASUG-ONG
1000000000,X,1001300000,BUKIDNON,1001306000,KADINGILAN
1000000000,X,1001300000,BUKIDNON,1001307000,KALILANGAN
1000000000,X,1001300000,BUKIDNON,1001308000,KIBAWE
1000000000,X,1001300000,BUKIDNON,1001309000,KITAOTAO
1000000000,X,1001300000,BUKIDNON,1001310000,LANTAPAN
1000000000,X,1001300000,BUKIDNON,1001311000,LIBONA
1000000000,X,1001300000,BUKIDNON,1001312000,CITY OF MALAYBALAY
1000000000,X,1001300000,BUKIDNON,1001313000,MALITBOG
1000000000,X,1001300000,BUKIDNON,1001314000,MANOLO FORTICH
1000000000,X,1001300000,BUKIDNON,1001315000,MARAMAG
1000000000,X,1001300000,BUKIDNON,1001316000,PANGANTUCAN
1000000000,X,1001300000,BUKIDNON,1001317000,QUEZON
1000000000,X,1001300000,BUKIDNON,1001318000,SAN FERNANDO
1000000000,X,1001300000,BUKIDNON,1001319000,SUMILAO
1000000000,X,1001300000,BUKIDNON,1001320000,TALAKAG
1000000000,X,1001300000,BUKIDNON,1001321000,CITY OF VALENCIA
1000000000,X,1001300000,BUKIDNON,1001322000,CABANGLASAN
1000000000,X,1001800000,CAMIGUIN,1001801000,CATARMAN
1000000000,X,1001800000,CAMIGUIN,1001802000,GUINSILIBAN
1000000000,X,1001800000,CAMIGUIN,1001803000,MAHINOG
1000000000,X,1001800000,CAMIGUIN,1001804000,MAMBAJAO
1000000000,X,1001800000,CAMIGUIN,1001805000,SAGAY
1000000000,X,1003500000,LANAO DEL NORTE,1003501000,BACOLOD
1000000000,X,1003500000,LANAO DEL NORTE,1003502000,BALOI
1000000000,X,1003500000,LANAO DEL NORTE,1003503000,BAROY
1000000000,X,1003500000,LANAO DEL NORTE,1003505000,KAPATAGAN
1000000000,X,1003500000,LANAO DEL NORTE,1003506000,SULTAN NAGA DIMAPORO
1000000000,X,1003500000,LANAO DEL NORTE,1003507000,KAUSWAGAN
1000000000,X,1003500000,LANAO DEL NORTE,1003508000,KOLAMBUGAN
1000000000,X,1003500000,LANAO DEL NORTE,1003509000,LALA
1000000000,X,1003500000,LANAO DEL NORTE,1003510000,LINAMON
1000000000,X,1003500000,LANAO DEL NORTE,1003511000,MAGSAYSAY
1000000000,X,1003500000,LANAO DEL NORTE,1003512000,MAIGO
1000000000,X,1003500000,LANAO DEL NORTE,1003513000,MATUNGAO
1000000000,X,1003500000,LANAO DEL NORTE,1003514000,MUNAI
1000000000,X,1003500000,LANAO DEL NORTE,1003515000,NUNUNGAN
1000000000,X,1003500000,LANAO DEL NORTE,1003516000,PANTAO RAGAT
1000000000,X,1003500000,LANAO DEL NORTE,1003517000,POONA PIAGAPO
1000000000,X,1003500000,LANAO DEL NORTE,1003518000,SALVADOR
1000000000,X,1003500000,LANAO DEL NORTE,1003519000,SAPAD
1000000000,X,1003500000,LANAO DEL NORTE,1003520000,TAGOLOAN
1000000000,X,1003500000,LANAO DEL NORTE,1003521000,TANGCAL
1000000000,X,1003500000,LANAO DEL NORTE,1003522000,TUBOD
1000000000,X,1003500000,LANAO DEL NORTE,1003523000,PANTAR
1000000000,X,1004200000,MISAMIS OCCIDENTAL,1004201000,ALORAN
1000000000,X,1004200000,MISAMIS OCCIDENTAL,1004202000,BALIANGAO
1000000000,X,1004200000,MISAMIS OCCIDENTAL,1004203000,BONIFACIO
1000000000,X,1004200000,MISAMIS OCCIDENTAL,1004204000,CALAMBA
1000000000,X,1004200000,MISAMIS OCCIDENTAL,1004205000,CLARIN
1000000000,X,1004200000,MISAMIS OCCIDENTAL,1004206000,CONCEPCION
1000000000,X,1004200000,MISAMIS OCCIDENTAL,1004207000,JIMENEZ
1000000000,X,1004200000,MISAMIS OCCIDENTAL,1004208000,LOPEZ JAENA
1000000000,X,1004200000,MISAMIS OCCIDENTAL,1004209000,CITY OF OROQUIETA
1000000000,X,1004200000,MISAMIS OCCIDENTAL,1004210000,CITY OF OZAMIZ
1000000000,X,1004200000,MISAMIS OCCIDENTAL,1004211000,PANAON
1000000000,X,1004200000,MISAMIS OCCIDENTAL,1004212000,PLARIDEL
1000000000,X,1004200000,MISAMIS OCCIDENTAL,1004213000,SAPANG DALAGA
1000000000,X,1004200000,MISAMIS OCCIDENTAL,1004214000,SINACABAN
1000000000,X,1004200000,MISAMIS OCCIDENTAL,1004215000,CITY OF TANGUB
1000000000,X,1004200000,MISAMIS OCCIDENTAL,1004216000,TUDELA
1000000000,X,1004200000,MISAMIS OCCIDENTAL,1004217000,DON VICTORIANO CHIONGBIAN
1000000000,X,1004300000,MISAMIS ORIENTAL,1004301000,ALUBIJID
1000000000,X,1004300000,MISAMIS ORIENTAL,1004302000,BALINGASAG
1000000000,X,1004300000,MISAMIS ORIENTAL,1004303000,BALINGOAN
1000000000,X,1004300000,MISAMIS ORIENTAL,1004304000,BINUANGAN
1000000000,X,1004300000,MISAMIS ORIENTAL,1004306000,CLAVERIA
1000000000,X,1004300000,MISAMIS ORIENTAL,1004307000,CITY OF EL SALVADOR
1000000000,X,1004300000,MISAMIS ORIENTAL,1004308000,CITY OF GINGOOG
1000000000,X,1004300000,MISAMIS ORIENTAL,1004309000,GITAGUM
1000000000,X,1004300000,MISAMIS ORIENTAL,1004310000,INITAO
1000000000,X,1004300000,MISAMIS ORIENTAL,1004311000,JASAAN
1000000000,X,1004300000,MISAMIS ORIENTAL,1004312000,KINOGUITAN
1000000000,X,1004300000,MISAMIS ORIENTAL,1004313000,LAGONGLONG
1000000000,X,1004300000,MISAMIS ORIENTAL,1004314000,LAGUINDINGAN
1000000000,X,1004300000,MISAMIS ORIENTAL,1004315000,LIBERTAD
1000000000,X,1004300000,MISAMIS ORIENTAL,1004316000,LUGAIT
1000000000,X,1004300000,MISAMIS ORIENTAL,1004317000,MAGSAYSAY
1000000000,X,1004300000,MISAMIS ORIENTAL,1004318000,MANTICAO
1000000000,X,1004300000,MISAMIS ORIENTAL,1004319000,MEDINA
1000000000,X,1004300000,MISAMIS ORIENTAL,1004320000,NAAWAN
1000000000,X,1004300000,MISAMIS ORIENTAL,1004321000,OPOL
1000000000,X,1004300000,MISAMIS ORIENTAL,1004322000,SALAY
1000000000,X,1004300000,MISAMIS ORIENTAL,1004323000,SUGBONGCOGON
1000000000,X,1004300000,MISAMIS ORIENTAL,1004324000,TAGOLOAN
1000000000,X,1004300000,MISAMIS ORIENTAL,1004325000,TALISAYAN
1000000000,X,1004300000,MISAMIS ORIENTAL,1004326000,VILLANUEVA
1000000000,X,1030500000,CITY OF CAGAYAN DE ORO,1030500000,CITY OF CAGAYAN DE ORO
1000000000,X,1030900000,CITY OF ILIGAN,1030900000,CITY OF ILIGAN
1100000000,XI,1102300000,DAVAO DEL NORTE,1102301000,ASUNCION
1100000000,XI,1102300000,DAVAO DEL NORTE,1102303000,CARMEN
1100000000,XI,1102300000,DAVAO DEL NORTE,1102305000,KAPALONG
1100000000,XI,1102300000,DAVAO DEL NORTE,1102314000,NEW CORELLA
1100000000,XI,1102300000,DAVAO DEL NORTE,1102315000,CITY OF PANABO
1100000000,XI,1102300000,DAVAO DEL NORTE,1102317000,ISLAND GARDEN CITY OF SAMAL
1100000000,XI,1102300000,DAVAO DEL NORTE,1102318000,SANTO TOMAS
1100000000,XI,1102300000,DAVAO DEL NORTE,1102319000,CITY OF TAGUM
1100000000,XI,1102300000,DAVAO DEL NORTE,1102322000,TALAINGOD
1100000000,XI,1102300000,DAVAO DEL NORTE,1102323000,BRAULIO E. DUJALI
1100000000,XI,1102300000,DAVAO DEL NORTE,1102324000,SAN ISIDRO
1100000000,XI,1102400000,DAVAO DEL SUR,1102401000,BANSALAN
1100000000,XI,1102400000,DAVAO DEL SUR,1102403000,CITY OF DIGOS
1100000000,XI,1102400000,DAVAO DEL SUR,1102404000,HAGONOY
1100000000,XI,1102400000,DAVAO DEL SUR,1102406000,KIBLAWAN
1100000000,XI,1102400000,DAVAO DEL SUR,1102407000,MAGSAYSAY
1100000000,XI,1102400000,DAVAO DEL SUR,1102408000,MALALAG
1100000000,XI,1102400000,DAVAO DEL SUR,1102410000,MATANAO
1100000000,XI,1102400000,DAVAO DEL SUR,1102411000,PADADA
1100000000,XI,1102400000,DAVAO DEL SUR,1102412000,SANTA CRUZ
1100000000,XI,1102400000,DAVAO DEL SUR,1102414000,SULOP
1100000000,XI,1102500000,DAVAO ORIENTAL,1102501000,BAGANGA
1100000000,XI,1102500000,DAVAO ORIENTAL,1102502000,BANAYBANAY
1100000000,XI,1102500000,DAVAO ORIENTAL,1102503000,BOSTON
1100000000,XI,1102500000,DAVAO ORIENTAL,1102504000,CARAGA
1100000000,XI,1102500000,DAVAO ORIENTAL,1102505000,CATEEL
1100000000,XI,1102500000,DAVAO ORIENTAL,1102506000,GOVERNOR GENEROSO
1100000000,XI,1102500000,DAVAO ORIENTAL,1102507000,LUPON
1100000000,XI,1102500000,DAVAO ORIENTAL,1102508000,MANAY
1100000000,XI,1102500000,DAVAO ORIENTAL,1102509000,CITY OF MATI
1100000000,XI,1102500000,DAVAO ORIENTAL,1102510000,SAN ISIDRO
1100000000,XI,1102500000,DAVAO ORIENTAL,1102511000,TARRAGONA
1100000000,XI,1108200000,DAVAO DE ORO,1108201000,COMPOSTELA
1100000000,XI,1108200000,DAVAO DE ORO,1108202000,LAAK
1100000000,XI,1108200000,DAVAO DE ORO,1108203000,MABINI
1100000000,XI,1108200000,DAVAO DE ORO,1108204000,MACO
1100000000,XI,1108200000,DAVAO DE ORO,1108205000,MARAGUSAN
1100000000,XI,1108200000,DAVAO DE ORO,1108206000,MAWAB
1100000000,XI,1108200000,DAVAO DE ORO,1108207000,MONKAYO
1100000000,XI,1108200000,DAVAO DE ORO,1108208000,MONTEVISTA
1100000000,XI,1108200000,DAVAO DE ORO,1108209000,NABUNTURAN
1100000000,XI,1108200000,DAVAO DE ORO,1108210000,NEW BATAAN
1100000000,XI,1108200000,DAVAO DE ORO,1108211000,PANTUKAN
1100000000,XI,1108600000,DAVAO OCCIDENTAL,1108601000,DON MARCELINO
1100000000,XI,1108600000,DAVAO OCCIDENTAL,1108602000,JOSE ABAD SANTOS
1100000000,XI,1108600000,DAVAO OCCIDENTAL,1108603000,MALITA
1100000000,XI,1108600000,DAVAO OCCIDENTAL,1108604000,SANTA MARIA
1100000000,XI,1108600000,DAVAO OCCIDENTAL,1108605000,SARANGANI
1100000000,XI,1130700000,CITY OF DAVAO,1130700000,CITY OF DAVAO
1200000000,XII,1204700000,COTABATO,1204701000,ALAMADA
1200000000,XII,1204700000,COTABATO,1204702000,CARMEN
1200000000,XII,1204700000,COTABATO,1204703000,KABACAN
1200000000,XII,1204700000,COTABATO,1204704000,CITY OF KIDAPAWAN
1200000000,XII,1204700000,COTABATO,1204705000,LIBUNGAN
1200000000,XII,1204700000,COTABATO,1204706000,MAGPET
1200000000,XII,1204700000,COTABATO,1204707000,MAKILALA
1200000000,XII,1204700000,COTABATO,1204708000,MATALAM
1200000000,XII,1204700000,COTABATO,1204709000,MIDSAYAP
1200000000,XII,1204700000,COTABATO,1204710000,M'LANG
1200000000,XII,1204700000,COTABATO,1204711000,PIGKAWAYAN
1200000000,XII,1204700000,COTABATO,1204712000,PIKIT
1200000000,XII,1204700000,COTABATO,1204713000,PRESIDENT ROXAS
1200000000,XII,1204700000,COTABATO,1204714000,TULUNAN
1200000000,XII,1204700000,COTABATO,1204715000,ANTIPAS
1200000000,XII,1204700000,COTABATO,1204716000,BANISILAN
1200000000,XII,1204700000,COTABATO,1204717000,ALEOSAN
1200000000,XII,1204700000,COTABATO,1204718000,ARAKAN
1200000000,XII,1206300000,SOUTH COTABATO,1206302000,BANGA
1200000000,XII,1206300000,SOUTH COTABATO,1206306000,CITY OF KORONADAL
1200000000,XII,1206300000,SOUTH COTABATO,1206311000,NORALA
1200000000,XII,1206300000,SOUTH COTABATO,1206312000,POLOMOLOK
1200000000,XII,1206300000,SOUTH COTABATO,1206313000,SURALLAH
1200000000,XII,1206300000,SOUTH COTABATO,1206314000,TAMPAKAN
1200000000,XII,1206300000,SOUTH COTABATO,1206315000,TANTANGAN
1200000000,XII,1206300000,SOUTH COTABATO,1206316000,T'BOLI
1200000000,XII,1206300000,SOUTH COTABATO,1206317000,TUPI
1200000000,XII,1206300000,SOUTH COTABATO,1206318000,SANTO NIÒO
1200000000,XII,1206300000,SOUTH COTABATO,1206319000,LAKE SEBU
1200000000,XII,1206500000,SULTAN KUDARAT,1206501000,BAGUMBAYAN
1200000000,XII,1206500000,SULTAN KUDARAT,1206502000,COLUMBIO
1200000000,XII,1206500000,SULTAN KUDARAT,1206503000,ESPERANZA
1200000000,XII,1206500000,SULTAN KUDARAT,1206504000,ISULAN
1200000000,XII,1206500000,SULTAN KUDARAT,1206505000,KALAMANSIG
1200000000,XII,1206500000,SULTAN KUDARAT,1206506000,LEBAK
1200000000,XII,1206500000,SULTAN KUDARAT,1206507000,LUTAYAN
1200000000,XII,1206500000,SULTAN KUDARAT,1206508000,LAMBAYONG
1200000000,XII,1206500000,SULTAN KUDARAT,1206509000,PALIMBANG
1200000000,XII,1206500000,SULTAN KUDARAT,1206510000,PRESIDENT QUIRINO
1200000000,XII,1206500000,SULTAN KUDARAT,1206511000,CITY OF TACURONG
1200000000,XII,1206500000,SULTAN KUDARAT,1206512000,SEN. NINOY AQUINO
1200000000,XII,1208000000,SARANGANI,1208001000,ALABEL
1200000000,XII,1208000000,SARANGANI,1208002000,GLAN
1200000000,XII,1208000000,SARANGANI,1208003000,KIAMBA
1200000000,XII,1208000000,SARANGANI,1208004000,MAASIM
1200000000,XII,1208000000,SARANGANI,1208005000,MAITUM
1200000000,XII,1208000000,SARANGANI,1208006000,MALAPATAN
1200000000,XII,1208000000,SARANGANI,1208007000,MALUNGON
1200000000,XII,1230800000,CITY OF GENERAL SANTOS,1230800000,CITY OF GENERAL SANTOS
1300000000,NCR,1380100000,CITY OF CALOOCAN,1380100000,CITY OF CALOOCAN
1300000000,NCR,1380200000,CITY OF LAS PIÒAS,1380200000,CITY OF LAS PIÒAS
1300000000,NCR,1380300000,CITY OF MAKATI,1380300000,CITY OF MAKATI
1300000000,NCR,1380400000,CITY OF MALABON,1380400000,CITY OF MALABON
1300000000,NCR,1380500000,CITY OF MANDALUYONG,1380500000,CITY OF MANDALUYONG
1300000000,NCR,1380600000,CITY OF MANILA,1380601000,TONDO I/II
1300000000,NCR,1380600000,CITY OF MANILA,1380602000,BINONDO
1300000000,NCR,1380600000,CITY OF MANILA,1380603000,QUIAPO
1300000000,NCR,1380600000,CITY OF MANILA,1380604000,SAN NICOLAS
1300000000,NCR,1380600000,CITY OF MANILA,1380605000,SANTA CRUZ
1300000000,NCR,1380600000,CITY OF MANILA,1380606000,SAMPALOC
1300000000,NCR,1380600000,CITY OF MANILA,1380607000,SAN MIGUEL
1300000000,NCR,1380600000,CITY OF MANILA,1380608000,ERMITA
1300000000,NCR,1380600000,CITY OF MANILA,1380609000,INTRAMUROS
1300000000,NCR,1380600000,CITY OF MANILA,1380610000,MALATE
1300000000,NCR,1380600000,CITY OF MANILA,1380611000,PACO
1300000000,NCR,1380600000,CITY OF MANILA,1380612000,PANDACAN
1300000000,NCR,1380600000,CITY OF MANILA,1380613000,PORT AREA
1300000000,NCR,1380600000,CITY OF MANILA,1380614000,SANTA ANA
1300000000,NCR,1380700000,CITY OF MARIKINA,1380700000,CITY OF MARIKINA
1300000000,NCR,1380800000,CITY OF MUNTINLUPA,1380800000,CITY OF MUNTINLUPA
1300000000,NCR,1380900000,CITY OF NAVOTAS,1380900000,CITY OF NAVOTAS
1300000000,NCR,1381000000,CITY OF PARAÒAQUE,1381000000,CITY OF PARAÒAQUE
1300000000,NCR,1381100000,PASAY CITY,1381100000,PASAY CITY
1300000000,NCR,1381200000,CITY OF PASIG,1381200000,CITY OF PASIG
1300000000,NCR,1381300000,QUEZON CITY,1381300000,QUEZON CITY
1300000000,NCR,1381400000,CITY OF SAN JUAN,1381400000,CITY OF SAN JUAN
1300000000,NCR,1381500000,CITY OF TAGUIG,1381500000,CITY OF TAGUIG
1300000000,NCR,1381600000,CITY OF VALENZUELA,1381600000,CITY OF VALENZUELA
1300000000,NCR,1381701000,PATEROS,1381701000,PATEROS
1400000000,CAR,1400100000,ABRA,1400101000,BANGUED
1400000000,CAR,1400100000,ABRA,1400102000,BOLINEY
1400000000,CAR,1400100000,ABRA,1400103000,BUCAY
1400000000,CAR,1400100000,ABRA,1400104000,BUCLOC
1400000000,CAR,1400100000,ABRA,1400105000,DAGUIOMAN
1400000000,CAR,1400100000,ABRA,1400106000,DANGLAS
1400000000,CAR,1400100000,ABRA,1400107000,DOLORES
1400000000,CAR,1400100000,ABRA,1400108000,LA PAZ
1400000000,CAR,1400100000,ABRA,1400109000,LACUB
1400000000,CAR,1400100000,ABRA,1400110000,LAGANGILANG
1400000000,CAR,1400100000,ABRA,1400111000,LAGAYAN
1400000000,CAR,1400100000,ABRA,1400112000,LANGIDEN
1400000000,CAR,1400100000,ABRA,1400113000,LICUAN-BAAY
1400000000,CAR,1400100000,ABRA,1400114000,LUBA
1400000000,CAR,1400100000,ABRA,1400115000,MALIBCONG
1400000000,CAR,1400100000,ABRA,1400116000,MANABO
1400000000,CAR,1400100000,ABRA,1400117000,PEÒARRUBIA
1400000000,CAR,1400100000,ABRA,1400118000,PIDIGAN
1400000000,CAR,1400100000,ABRA,1400119000,PILAR
1400000000,CAR,1400100000,ABRA,1400120000,SALLAPADAN
1400000000,CAR,1400100000,ABRA,1400121000,SAN ISIDRO
1400000000,CAR,1400100000,ABRA,1400122000,SAN JUAN
1400000000,CAR,1400100000,ABRA,1400123000,SAN QUINTIN
1400000000,CAR,1400100000,ABRA,1400124000,TAYUM
1400000000,CAR,1400100000,ABRA,1400125000,TINEG
1400000000,CAR,1400100000,ABRA,1400126000,TUBO
1400000000,CAR,1400100000,ABRA,1400127000,VILLAVICIOSA
1400000000,CAR,1401100000,BENGUET,1401101000,ATOK
1400000000,CAR,1401100000,BENGUET,1401103000,BAKUN
1400000000,CAR,1401100000,BENGUET,1401104000,BOKOD
1400000000,CAR,1401100000,BENGUET,1401105000,BUGUIAS
1400000000,CAR,1401100000,BENGUET,1401106000,ITOGON
1400000000,CAR,1401100000,BENGUET,1401107000,KABAYAN
1400000000,CAR,1401100000,BENGUET,1401108000,KAPANGAN
1400000000,CAR,1401100000,BENGUET,1401109000,KIBUNGAN
1400000000,CAR,1401100000,BENGUET,1401110000,LA TRINIDAD
1400000000,CAR,1401100000,BENGUET,1401111000,MANKAYAN
1400000000,CAR,1401100000,BENGUET,1401112000,SABLAN
1400000000,CAR,1401100000,BENGUET,1401113000,TUBA
1400000000,CAR,1401100000,BENGUET,1401114000,TUBLAY
1400000000,CAR,1402700000,IFUGAO,1402701000,BANAUE
1400000000,CAR,1402700000,IFUGAO,1402702000,HUNGDUAN
1400000000,CAR,1402700000,IFUGAO,1402703000,KIANGAN
1400000000,CAR,1402700000,IFUGAO,1402704000,LAGAWE
1400000000,CAR,1402700000,IFUGAO,1402705000,LAMUT
1400000000,CAR,1402700000,IFUGAO,1402706000,MAYOYAO
1400000000,CAR,1402700000,IFUGAO,1402707000,ALFONSO LISTA
1400000000,CAR,1402700000,IFUGAO,1402708000,AGUINALDO
1400000000,CAR,1402700000,IFUGAO,1402709000,HINGYON
1400000000,CAR,1402700000,IFUGAO,1402710000,TINOC
1400000000,CAR,1402700000,IFUGAO,1402711000,ASIPULO
1400000000,CAR,1403200000,KALINGA,1403201000,BALBALAN
1400000000,CAR,1403200000,KALINGA,1403206000,LUBUAGAN
1400000000,CAR,1403200000,KALINGA,1403208000,PASIL
1400000000,CAR,1403200000,KALINGA,1403209000,PINUKPUK
1400000000,CAR,1403200000,KALINGA,1403211000,RIZAL
1400000000,CAR,1403200000,KALINGA,1403213000,CITY OF TABUK
1400000000,CAR,1403200000,KALINGA,1403214000,TANUDAN
1400000000,CAR,1403200000,KALINGA,1403215000,TINGLAYAN
1400000000,CAR,1404400000,MOUNTAIN PROVINCE,1404401000,BARLIG
1400000000,CAR,1404400000,MOUNTAIN PROVINCE,1404402000,BAUKO
1400000000,CAR,1404400000,MOUNTAIN PROVINCE,1404403000,BESAO
1400000000,CAR,1404400000,MOUNTAIN PROVINCE,1404404000,BONTOC
1400000000,CAR,1404400000,MOUNTAIN PROVINCE,1404405000,NATONIN
1400000000,CAR,1404400000,MOUNTAIN PROVINCE,1404406000,PARACELIS
1400000000,CAR,1404400000,MOUNTAIN PROVINCE,1404407000,SABANGAN
1400000000,CAR,1404400000,MOUNTAIN PROVINCE,1404408000,SADANGA
1400000000,CAR,1404400000,MOUNTAIN PROVINCE,1404409000,SAGADA
1400000000,CAR,1404400000,MOUNTAIN PROVINCE,1404410000,TADIAN
1400000000,CAR,1408100000,APAYAO,1408101000,CALANASAN
1400000000,CAR,1408100000,APAYAO,1408102000,CONNER
1400000000,CAR,1408100000,APAYAO,1408103000,FLORA
1400000000,CAR,1408100000,APAYAO,1408104000,KABUGAO
1400000000,CAR,1408100000,APAYAO,1408105000,LUNA
1400000000,CAR,1408100000,APAYAO,1408106000,PUDTOL
1400000000,CAR,1408100000,APAYAO,1408107000,SANTA MARCELA
1400000000,CAR,1430300000,CITY OF BAGUIO,1430300000,CITY OF BAGUIO
1600000000,XIII,1600200000,AGUSAN DEL NORTE,1600201000,BUENAVISTA
1600000000,XIII,1600200000,AGUSAN DEL NORTE,1600203000,CITY OF CABADBARAN
1600000000,XIII,1600200000,AGUSAN DEL NORTE,1600204000,CARMEN
1600000000,XIII,1600200000,AGUSAN DEL NORTE,1600205000,JABONGA
1600000000,XIII,1600200000,AGUSAN DEL NORTE,1600206000,KITCHARAO
1600000000,XIII,1600200000,AGUSAN DEL NORTE,1600207000,LAS NIEVES
1600000000,XIII,1600200000,AGUSAN DEL NORTE,1600208000,MAGALLANES
1600000000,XIII,1600200000,AGUSAN DEL NORTE,1600209000,NASIPIT
1600000000,XIII,1600200000,AGUSAN DEL NORTE,1600210000,SANTIAGO
1600000000,XIII,1600200000,AGUSAN DEL NORTE,1600211000,TUBAY
1600000000,XIII,1600200000,AGUSAN DEL NORTE,1600212000,REMEDIOS T. ROMUALDEZ
1600000000,XIII,1600300000,AGUSAN DEL SUR,1600301000,CITY OF BAYUGAN
1600000000,XIII,1600300000,AGUSAN DEL SUR,1600302000,BUNAWAN
1600000000,XIII,1600300000,AGUSAN DEL SUR,1600303000,ESPERANZA
1600000000,XIII,1600300000,AGUSAN DEL SUR,1600304000,LA PAZ
1600000000,XIII,1600300000,AGUSAN DEL SUR,1600305000,LORETO
1600000000,XIII,1600300000,AGUSAN DEL SUR,1600306000,PROSPERIDAD
1600000000,XIII,1600300000,AGUSAN DEL SUR,1600307000,ROSARIO
1600000000,XIII,1600300000,AGUSAN DEL SUR,1600308000,SAN FRANCISCO
1600000000,XIII,1600300000,AGUSAN DEL SUR,1600309000,SAN LUIS
1600000000,XIII,1600300000,AGUSAN DEL SUR,1600310000,SANTA JOSEFA
1600000000,XIII,1600300000,AGUSAN DEL SUR,1600311000,TALACOGON
1600000000,XIII,1600300000,AGUSAN DEL SUR,1600312000,TRENTO
1600000000,XIII,1600300000,AGUSAN DEL SUR,1600313000,VERUELA
1600000000,XIII,1600300000,AGUSAN DEL SUR,1600314000,SIBAGAT
1600000000,XIII,1606700000,SURIGAO DEL NORTE,1606701000,ALEGRIA
1600000000,XIII,1606700000,SURIGAO DEL NORTE,1606702000,BACUAG
1600000000,XIII,1606700000,SURIGAO DEL NORTE,1606704000,BURGOS
1600000000,XIII,1606700000,SURIGAO DEL NORTE,1606706000,CLAVER
1600000000,XIII,1606700000,SURIGAO DEL NORTE,1606707000,DAPA
1600000000,XIII,1606700000,SURIGAO DEL NORTE,1606708000,DEL CARMEN
1600000000,XIII,1606700000,SURIGAO DEL NORTE,1606710000,GENERAL LUNA
1600000000,XIII,1606700000,SURIGAO DEL NORTE,1606711000,GIGAQUIT
1600000000,XIII,1606700000,SURIGAO DEL NORTE,1606714000,MAINIT
1600000000,XIII,1606700000,SURIGAO DEL NORTE,1606715000,MALIMONO
1600000000,XIII,1606700000,SURIGAO DEL NORTE,1606716000,PILAR
1600000000,XIII,1606700000,SURIGAO DEL NORTE,1606717000,PLACER
1600000000,XIII,1606700000,SURIGAO DEL NORTE,1606718000,SAN BENITO
1600000000,XIII,1606700000,SURIGAO DEL NORTE,1606719000,SAN FRANCISCO
1600000000,XIII,1606700000,SURIGAO DEL NORTE,1606720000,SAN ISIDRO
1600000000,XIII,1606700000,SURIGAO DEL NORTE,1606721000,SANTA MONICA
1600000000,XIII,1606700000,SURIGAO DEL NORTE,1606722000,SISON
1600000000,XIII,1606700000,SURIGAO DEL NORTE,1606723000,SOCORRO
1600000000,XIII,1606700000,SURIGAO DEL NORTE,1606724000,CITY OF SURIGAO
1600000000,XIII,1606700000,SURIGAO DEL NORTE,1606725000,TAGANA-AN
1600000000,XIII,1606700000,SURIGAO DEL NORTE,1606727000,TUBOD
1600000000,XIII,1606800000,SURIGAO DEL SUR,1606801000,BAROBO
1600000000,XIII,1606800000,SURIGAO DEL SUR,1606802000,BAYABAS
1600000000,XIII,1606800000,SURIGAO DEL SUR,1606803000,CITY OF BISLIG
1600000000,XIII,1606800000,SURIGAO DEL SUR,1606804000,CAGWAIT
1600000000,XIII,1606800000,SURIGAO DEL SUR,1606805000,CANTILAN
1600000000,XIII,1606800000,SURIGAO DEL SUR,1606806000,CARMEN
1600000000,XIII,1606800000,SURIGAO DEL SUR,1606807000,CARRASCAL
1600000000,XIII,1606800000,SURIGAO DEL SUR,1606808000,CORTES
1600000000,XIII,1606800000,SURIGAO DEL SUR,1606809000,HINATUAN
1600000000,XIII,1606800000,SURIGAO DEL SUR,1606810000,LANUZA
1600000000,XIII,1606800000,SURIGAO DEL SUR,1606811000,LIANGA
1600000000,XIII,1606800000,SURIGAO DEL SUR,1606812000,LINGIG
1600000000,XIII,1606800000,SURIGAO DEL SUR,1606813000,MADRID
1600000000,XIII,1606800000,SURIGAO DEL SUR,1606814000,MARIHATAG
1600000000,XIII,1606800000,SURIGAO DEL SUR,1606815000,SAN AGUSTIN
1600000000,XIII,1606800000,SURIGAO DEL SUR,1606816000,SAN MIGUEL
1600000000,XIII,1606800000,SURIGAO DEL SUR,1606817000,TAGBINA
1600000000,XIII,1606800000,SURIGAO DEL SUR,1606818000,TAGO
1600000000,XIII,1606800000,SURIGAO DEL SUR,1606819000,CITY OF TANDAG
1600000000,XIII,1608500000,DINAGAT ISLANDS,1608501000,BASILISA
1600000000,XIII,1608500000,DINAGAT ISLANDS,1608502000,CAGDIANAO
1600000000,XIII,1608500000,DINAGAT ISLANDS,1608503000,DINAGAT
1600000000,XIII,1608500000,DINAGAT ISLANDS,1608504000,LIBJO
1600000000,XIII,1608500000,DINAGAT ISLANDS,1608505000,LORETO
1600000000,XIII,1608500000,DINAGAT ISLANDS,1608506000,SAN JOSE
1600000000,XIII,1608500000,DINAGAT ISLANDS,1608507000,TUBAJON
1600000000,XIII,1630400000,CITY OF BUTUAN,1630400000,CITY OF BUTUAN
1700000000,MIMAROPA,1704000000,MARINDUQUE,1704001000,BOAC
1700000000,MIMAROPA,1704000000,MARINDUQUE,1704002000,BUENAVISTA
1700000000,MIMAROPA,1704000000,MARINDUQUE,1704003000,GASAN
1700000000,MIMAROPA,1704000000,MARINDUQUE,1704004000,MOGPOG
1700000000,MIMAROPA,1704000000,MARINDUQUE,1704005000,SANTA CRUZ
1700000000,MIMAROPA,1704000000,MARINDUQUE,1704006000,TORRIJOS
1700000000,MIMAROPA,1705100000,OCCIDENTAL MINDORO,1705101000,ABRA DE ILOG
1700000000,MIMAROPA,1705100000,OCCIDENTAL MINDORO,1705102000,CALINTAAN
1700000000,MIMAROPA,1705100000,OCCIDENTAL MINDORO,1705103000,LOOC
1700000000,MIMAROPA,1705100000,OCCIDENTAL MINDORO,1705104000,LUBANG
1700000000,MIMAROPA,1705100000,OCCIDENTAL MINDORO,1705105000,MAGSAYSAY
1700000000,MIMAROPA,1705100000,OCCIDENTAL MINDORO,1705106000,MAMBURAO
1700000000,MIMAROPA,1705100000,OCCIDENTAL MINDORO,1705107000,PALUAN
1700000000,MIMAROPA,1705100000,OCCIDENTAL MINDORO,1705108000,RIZAL
1700000000,MIMAROPA,1705100000,OCCIDENTAL MINDORO,1705109000,SABLAYAN
1700000000,MIMAROPA,1705100000,OCCIDENTAL MINDORO,1705110000,SAN JOSE
1700000000,MIMAROPA,1705100000,OCCIDENTAL MINDORO,1705111000,SANTA CRUZ
1700000000,MIMAROPA,1705200000,ORIENTAL MINDORO,1705201000,BACO
1700000000,MIMAROPA,1705200000,ORIENTAL MINDORO,1705202000,BANSUD
1700000000,MIMAROPA,1705200000,ORIENTAL MINDORO,1705203000,BONGABONG
1700000000,MIMAROPA,1705200000,ORIENTAL MINDORO,1705204000,BULALACAO
1700000000,MIMAROPA,1705200000,ORIENTAL MINDORO,1705205000,CITY OF CALAPAN
1700000000,MIMAROPA,1705200000,ORIENTAL MINDORO,1705206000,GLORIA
1700000000,MIMAROPA,1705200000,ORIENTAL MINDORO,1705207000,MANSALAY
1700000000,MIMAROPA,1705200000,ORIENTAL MINDORO,1705208000,NAUJAN
1700000000,MIMAROPA,1705200000,ORIENTAL MINDORO,1705209000,PINAMALAYAN
1700000000,MIMAROPA,1705200000,ORIENTAL MINDORO,1705210000,POLA
1700000000,MIMAROPA,1705200000,ORIENTAL MINDORO,1705211000,PUERTO GALERA
1700000000,MIMAROPA,1705200000,ORIENTAL MINDORO,1705212000,ROXAS
1700000000,MIMAROPA,1705200000,ORIENTAL MINDORO,1705213000,SAN TEODORO
1700000000,MIMAROPA,1705200000,ORIENTAL MINDORO,1705214000,SOCORRO
1700000000,MIMAROPA,1705200000,ORIENTAL MINDORO,1705215000,VICTORIA
1700000000,MIMAROPA,1705300000,PALAWAN,1705301000,ABORLAN
1700000000,MIMAROPA,1705300000,PALAWAN,1705302000,AGUTAYA
1700000000,MIMAROPA,1705300000,PALAWAN,1705303000,ARACELI
1700000000,MIMAROPA,1705300000,PALAWAN,1705304000,BALABAC
1700000000,MIMAROPA,1705300000,PALAWAN,1705305000,BATARAZA
1700000000,MIMAROPA,1705300000,PALAWAN,1705306000,BROOKE'S POINT
1700000000,MIMAROPA,1705300000,PALAWAN,1705307000,BUSUANGA
1700000000,MIMAROPA,1705300000,PALAWAN,1705308000,CAGAYANCILLO
1700000000,MIMAROPA,1705300000,PALAWAN,1705309000,CORON
1700000000,MIMAROPA,1705300000,PALAWAN,1705310000,CUYO
1700000000,MIMAROPA,1705300000,PALAWAN,1705311000,DUMARAN
1700000000,MIMAROPA,1705300000,PALAWAN,1705312000,EL NIDO
1700000000,MIMAROPA,1705300000,PALAWAN,1705313000,LINAPACAN
1700000000,MIMAROPA,1705300000,PALAWAN,1705314000,MAGSAYSAY
1700000000,MIMAROPA,1705300000,PALAWAN,1705315000,NARRA
1700000000,MIMAROPA,1705300000,PALAWAN,1705317000,QUEZON
1700000000,MIMAROPA,1705300000,PALAWAN,1705318000,ROXAS
1700000000,MIMAROPA,1705300000,PALAWAN,1705319000,SAN VICENTE
1700000000,MIMAROPA,1705300000,PALAWAN,1705320000,TAYTAY
1700000000,MIMAROPA,1705300000,PALAWAN,1705321000,KALAYAAN
1700000000,MIMAROPA,1705300000,PALAWAN,1705322000,CULION
1700000000,MIMAROPA,1705300000,PALAWAN,1705323000,RIZAL
1700000000,MIMAROPA,1705300000,PALAWAN,1705324000,SOFRONIO ESPAÒOLA
1700000000,MIMAROPA,1705900000,ROMBLON,1705901000,ALCANTARA
1700000000,MIMAROPA,1705900000,ROMBLON,1705902000,BANTON
1700000000,MIMAROPA,1705900000,ROMBLON,1705903000,CAJIDIOCAN
1700000000,MIMAROPA,1705900000,ROMBLON,1705904000,CALATRAVA
1700000000,MIMAROPA,1705900000,ROMBLON,1705905000,CONCEPCION
1700000000,MIMAROPA,1705900000,ROMBLON,1705906000,CORCUERA
1700000000,MIMAROPA,1705900000,ROMBLON,1705907000,LOOC
1700000000,MIMAROPA,1705900000,ROMBLON,1705908000,MAGDIWANG
1700000000,MIMAROPA,1705900000,ROMBLON,1705909000,ODIONGAN
1700000000,MIMAROPA,1705900000,ROMBLON,1705910000,ROMBLON
1700000000,MIMAROPA,1705900000,ROMBLON,1705911000,SAN AGUSTIN
1700000000,MIMAROPA,1705900000,ROMBLON,1705912000,SAN ANDRES
1700000000,MIMAROPA,1705900000,ROMBLON,1705913000,SAN FERNANDO
1700000000,MIMAROPA,1705900000,ROMBLON,1705914000,SAN JOSE
1700000000,MIMAROPA,1705900000,ROMBLON,1705915000,SANTA FE
1700000000,MIMAROPA,1705900000,ROMBLON,1705916000,FERROL
1700000000,MIMAROPA,1705900000,ROMBLON,1705917000,SANTA MARIA
1700000000,MIMAROPA,1731500000,CITY OF PUERTO PRINCESA,1731500000,CITY OF PUERTO PRINCESA
1800000000,NIR,1804500000,NEGROS OCCIDENTAL,1804502000,CITY OF BAGO
1800000000,NIR,1804500000,NEGROS OCCIDENTAL,1804503000,BINALBAGAN
1800000000,NIR,1804500000,NEGROS OCCIDENTAL,1804504000,CITY OF CADIZ
1800000000,NIR,1804500000,NEGROS OCCIDENTAL,1804505000,CALATRAVA
1800000000,NIR,1804500000,NEGROS OCCIDENTAL,1804506000,CANDONI
1800000000,NIR,1804500000,NEGROS OCCIDENTAL,1804507000,CAUAYAN
1800000000,NIR,1804500000,NEGROS OCCIDENTAL,1804508000,ENRIQUE B. MAGALONA
1800000000,NIR,1804500000,NEGROS OCCIDENTAL,1804509000,CITY OF ESCALANTE
1800000000,NIR,1804500000,NEGROS OCCIDENTAL,1804510000,CITY OF HIMAMAYLAN
1800000000,NIR,1804500000,NEGROS OCCIDENTAL,1804511000,HINIGARAN
1800000000,NIR,1804500000,NEGROS OCCIDENTAL,1804512000,HINOBA-AN
1800000000,NIR,1804500000,NEGROS OCCIDENTAL,1804513000,ILOG
1800000000,NIR,1804500000,NEGROS OCCIDENTAL,1804514000,ISABELA
1800000000,NIR,1804500000,NEGROS OCCIDENTAL,1804515000,CITY OF KABANKALAN
1800000000,NIR,1804500000,NEGROS OCCIDENTAL,1804516000,CITY OF LA CARLOTA
1800000000,NIR,1804500000,NEGROS OCCIDENTAL,1804517000,LA CASTELLANA
1800000000,NIR,1804500000,NEGROS OCCIDENTAL,1804518000,MANAPLA
1800000000,NIR,1804500000,NEGROS OCCIDENTAL,1804519000,MOISES PADILLA
1800000000,NIR,1804500000,NEGROS OCCIDENTAL,1804520000,MURCIA
1800000000,NIR,1804500000,NEGROS OCCIDENTAL,1804521000,PONTEVEDRA
1800000000,NIR,1804500000,NEGROS OCCIDENTAL,1804522000,PULUPANDAN
1800000000,NIR,1804500000,NEGROS OCCIDENTAL,1804523000,CITY OF SAGAY
1800000000,NIR,1804500000,NEGROS OCCIDENTAL,1804524000,CITY OF SAN CARLOS
1800000000,NIR,1804500000,NEGROS OCCIDENTAL,1804525000,SAN ENRIQUE
1800000000,NIR,1804500000,NEGROS OCCIDENTAL,1804526000,CITY OF SILAY
1800000000,NIR,1804500000,NEGROS OCCIDENTAL,1804527000,CITY OF SIPALAY
1800000000,NIR,1804500000,NEGROS OCCIDENTAL,1804528000,CITY OF TALISAY
1800000000,NIR,1804500000,NEGROS OCCIDENTAL,1804529000,TOBOSO
1800000000,NIR,1804500000,NEGROS OCCIDENTAL,1804530000,VALLADOLID
1800000000,NIR,1804500000,NEGROS OCCIDENTAL,1804531000,CITY OF VICTORIAS
1800000000,NIR,1804500000,NEGROS OCCIDENTAL,1804532000,SALVADOR BENEDICTO
1800000000,NIR,1804600000,NEGROS ORIENTAL,1804601000,AMLAN
1800000000,NIR,1804600000,NEGROS ORIENTAL,1804602000,AYUNGON
1800000000,NIR,1804600000,NEGROS ORIENTAL,1804603000,BACONG
1800000000,NIR,1804600000,NEGROS ORIENTAL,1804604000,CITY OF BAIS
1800000000,NIR,1804600000,NEGROS ORIENTAL,1804605000,BASAY
1800000000,NIR,1804600000,NEGROS ORIENTAL,1804606000,CITY OF BAYAWAN
1800000000,NIR,1804600000,NEGROS ORIENTAL,1804607000,BINDOY
1800000000,NIR,1804600000,NEGROS ORIENTAL,1804608000,CITY OF CANLAON
1800000000,NIR,1804600000,NEGROS ORIENTAL,1804609000,DAUIN
1800000000,NIR,1804600000,NEGROS ORIENTAL,1804610000,CITY OF DUMAGUETE
1800000000,NIR,1804600000,NEGROS ORIENTAL,1804611000,CITY OF GUIHULNGAN
1800000000,NIR,1804600000,NEGROS ORIENTAL,1804612000,JIMALALUD
1800000000,NIR,1804600000,NEGROS ORIENTAL,1804613000,LA LIBERTAD
1800000000,NIR,1804600000,NEGROS ORIENTAL,1804614000,MABINAY
1800000000,NIR,1804600000,NEGROS ORIENTAL,1804615000,MANJUYOD
1800000000,NIR,1804600000,NEGROS ORIENTAL,1804616000,PAMPLONA
1800000000,NIR,1804600000,NEGROS ORIENTAL,1804617000,SAN JOSE
1800000000,NIR,1804600000,NEGROS ORIENTAL,1804618000,SANTA CATALINA
1800000000,NIR,1804600000,NEGROS ORIENTAL,1804619000,SIATON
1800000000,NIR,1804600000,NEGROS ORIENTAL,1804620000,SIBULAN
1800000000,NIR,1804600000,NEGROS ORIENTAL,1804621000,CITY OF TANJAY
1800000000,NIR,1804600000,NEGROS ORIENTAL,1804622000,TAYASAN
1800000000,NIR,1804600000,NEGROS ORIENTAL,1804623000,VALENCIA
1800000000,NIR,1804600000,NEGROS ORIENTAL,1804624000,VALLEHERMOSO
1800000000,NIR,1804600000,NEGROS ORIENTAL,1804625000,ZAMBOANGUITA
1800000000,NIR,1806100000,SIQUIJOR,1806101000,ENRIQUE VILLANUEVA
1800000000,NIR,1806100000,SIQUIJOR,1806102000,LARENA
1800000000,NIR,1806100000,SIQUIJOR,1806103000,LAZI
1800000000,NIR,1806100000,SIQUIJOR,1806104000,MARIA
1800000000,NIR,1806100000,SIQUIJOR,1806105000,SAN JUAN
1800000000,NIR,1806100000,SIQUIJOR,1806106000,SIQUIJOR
1800000000,NIR,1830200000,CITY OF BACOLOD,1830200000,CITY OF BACOLOD
1900000000,BARMM,1900700000,BASILAN,1900702000,CITY OF LAMITAN
1900000000,BARMM,1900700000,BASILAN,1900703000,LANTAWAN
1900000000,BARMM,1900700000,BASILAN,1900704000,MALUSO
1900000000,BARMM,1900700000,BASILAN,1900705000,SUMISIP
1900000000,BARMM,1900700000,BASILAN,1900706000,TIPO-TIPO
1900000000,BARMM,1900700000,BASILAN,1900707000,TUBURAN
1900000000,BARMM,1900700000,BASILAN,1900708000,AKBAR
1900000000,BARMM,1900700000,BASILAN,1900709000,AL-BARKA
1900000000,BARMM,1900700000,BASILAN,1900710000,HADJI MOHAMMAD AJUL
1900000000,BARMM,1900700000,BASILAN,1900711000,UNGKAYA PUKAN
1900000000,BARMM,1900700000,BASILAN,1900712000,HADJI MUHTAMAD
1900000000,BARMM,1900700000,BASILAN,1900713000,TABUAN-LASA
1900000000,BARMM,1903600000,LANAO DEL SUR,1903601000,BACOLOD-KALAWI
1900000000,BARMM,1903600000,LANAO DEL SUR,1903602000,BALABAGAN
1900000000,BARMM,1903600000,LANAO DEL SUR,1903603000,BALINDONG
1900000000,BARMM,1903600000,LANAO DEL SUR,1903604000,BAYANG
1900000000,BARMM,1903600000,LANAO DEL SUR,1903605000,BINIDAYAN
1900000000,BARMM,1903600000,LANAO DEL SUR,1903606000,BUBONG
1900000000,BARMM,1903600000,LANAO DEL SUR,1903607000,BUTIG
1900000000,BARMM,1903600000,LANAO DEL SUR,1903609000,GANASSI
1900000000,BARMM,1903600000,LANAO DEL SUR,1903610000,KAPAI
1900000000,BARMM,1903600000,LANAO DEL SUR,1903611000,LUMBA-BAYABAO
1900000000,BARMM,1903600000,LANAO DEL SUR,1903612000,LUMBATAN
1900000000,BARMM,1903600000,LANAO DEL SUR,1903613000,MADALUM
1900000000,BARMM,1903600000,LANAO DEL SUR,1903614000,MADAMBA
1900000000,BARMM,1903600000,LANAO DEL SUR,1903615000,MALABANG
1900000000,BARMM,1903600000,LANAO DEL SUR,1903616000,MARANTAO
1900000000,BARMM,1903600000,LANAO DEL SUR,1903617000,CITY OF MARAWI
1900000000,BARMM,1903600000,LANAO DEL SUR,1903618000,MASIU
1900000000,BARMM,1903600000,LANAO DEL SUR,1903619000,MULONDO
1900000000,BARMM,1903600000,LANAO DEL SUR,1903620000,PAGAYAWAN
1900000000,BARMM,1903600000,LANAO DEL SUR,1903621000,PIAGAPO
1900000000,BARMM,1903600000,LANAO DEL SUR,1903622000,POONA BAYABAO
1900000000,BARMM,1903600000,LANAO DEL SUR,1903623000,PUALAS
1900000000,BARMM,1903600000,LANAO DEL SUR,1903624000,DITSAAN-RAMAIN
1900000000,BARMM,1903600000,LANAO DEL SUR,1903625000,SAGUIARAN
1900000000,BARMM,1903600000,LANAO DEL SUR,1903626000,TAMPARAN
1900000000,BARMM,1903600000,LANAO DEL SUR,1903627000,TARAKA
1900000000,BARMM,1903600000,LANAO DEL SUR,1903628000,TUBARAN
1900000000,BARMM,1903600000,LANAO DEL SUR,1903629000,TUGAYA
1900000000,BARMM,1903600000,LANAO DEL SUR,1903630000,WAO
1900000000,BARMM,1903600000,LANAO DEL SUR,1903631000,MAROGONG
1900000000,BARMM,1903600000,LANAO DEL SUR,1903632000,CALANOGAS
1900000000,BARMM,1903600000,LANAO DEL SUR,1903633000,BUADIPOSO-BUNTONG
1900000000,BARMM,1903600000,LANAO DEL SUR,1903634000,MAGUING
1900000000,BARMM,1903600000,LANAO DEL SUR,1903635000,PICONG
1900000000,BARMM,1903600000,LANAO DEL SUR,1903636000,LUMBAYANAGUE
1900000000,BARMM,1903600000,LANAO DEL SUR,1903637000,AMAI MANABILANG
1900000000,BARMM,1903600000,LANAO DEL SUR,1903638000,TAGOLOAN II
1900000000,BARMM,1903600000,LANAO DEL SUR,1903639000,KAPATAGAN
1900000000,BARMM,1903600000,LANAO DEL SUR,1903640000,SULTAN DUMALONDONG
1900000000,BARMM,1903600000,LANAO DEL SUR,1903641000,LUMBACA-UNAYAN
1900000000,BARMM,1906600000,SULU,1906601000,INDANAN
1900000000,BARMM,1906600000,SULU,1906602000,JOLO
1900000000,BARMM,1906600000,SULU,1906603000,KALINGALAN CALUANG
1900000000,BARMM,1906600000,SULU,1906604000,LUUK
1900000000,BARMM,1906600000,SULU,1906605000,MAIMBUNG
1900000000,BARMM,1906600000,SULU,1906606000,HADJI PANGLIMA TAHIL
1900000000,BARMM,1906600000,SULU,1906607000,OLD PANAMAO
1900000000,BARMM,1906600000,SULU,1906608000,PANGUTARAN
1900000000,BARMM,1906600000,SULU,1906609000,PARANG
1900000000,BARMM,1906600000,SULU,1906610000,PATA
1900000000,BARMM,1906600000,SULU,1906611000,PATIKUL
1900000000,BARMM,1906600000,SULU,1906612000,SIASI
1900000000,BARMM,1906600000,SULU,1906613000,TALIPAO
1900000000,BARMM,1906600000,SULU,1906614000,TAPUL
1900000000,BARMM,1906600000,SULU,1906615000,TONGKIL
1900000000,BARMM,1906600000,SULU,1906616000,PANGLIMA ESTINO
1900000000,BARMM,1906600000,SULU,1906617000,LUGUS
1900000000,BARMM,1906600000,SULU,1906618000,PANDAMI
1900000000,BARMM,1906600000,SULU,1906619000,OMAR
1900000000,BARMM,1907000000,TAWI-TAWI,1907001000,PANGLIMA SUGALA
1900000000,BARMM,1907000000,TAWI-TAWI,1907002000,BONGAO
1900000000,BARMM,1907000000,TAWI-TAWI,1907003000,MAPUN
1900000000,BARMM,1907000000,TAWI-TAWI,1907004000,SIMUNUL
1900000000,BARMM,1907000000,TAWI-TAWI,1907005000,SITANGKAI
1900000000,BARMM,1907000000,TAWI-TAWI,1907006000,SOUTH UBIAN
1900000000,BARMM,1907000000,TAWI-TAWI,1907007000,TANDUBAS
1900000000,BARMM,1907000000,TAWI-TAWI,1907008000,TURTLE ISLANDS
1900000000,BARMM,1907000000,TAWI-TAWI,1907009000,LANGUYAN
1900000000,BARMM,1907000000,TAWI-TAWI,1907010000,SAPA-SAPA
1900000000,BARMM,1907000000,TAWI-TAWI,1907011000,SIBUTU
1900000000,BARMM,1908700000,MAGUINDANAO DEL NORTE,1908701000,BARIRA
1900000000,BARMM,1908700000,MAGUINDANAO DEL NORTE,1908702000,BULDON
1900000000,BARMM,1908700000,MAGUINDANAO DEL NORTE,1908703000,CITY OF COTABATO
1900000000,BARMM,1908700000,MAGUINDANAO DEL NORTE,1908704000,DATU BLAH T. SINSUAT
1900000000,BARMM,1908700000,MAGUINDANAO DEL NORTE,1908705000,DATU ODIN SINSUAT
1900000000,BARMM,1908700000,MAGUINDANAO DEL NORTE,1908706000,KABUNTALAN
1900000000,BARMM,1908700000,MAGUINDANAO DEL NORTE,1908707000,MATANOG
1900000000,BARMM,1908700000,MAGUINDANAO DEL NORTE,1908708000,NORTHERN KABUNTALAN
1900000000,BARMM,1908700000,MAGUINDANAO DEL NORTE,1908709000,PARANG
1900000000,BARMM,1908700000,MAGUINDANAO DEL NORTE,1908710000,SULTAN KUDARAT
1900000000,BARMM,1908700000,MAGUINDANAO DEL NORTE,1908711000,SULTAN MASTURA
1900000000,BARMM,1908700000,MAGUINDANAO DEL NORTE,1908712000,TALITAY
1900000000,BARMM,1908700000,MAGUINDANAO DEL NORTE,1908713000,UPI
1900000000,BARMM,1908800000,MAGUINDANAO DEL SUR,1908801000,AMPATUAN
1900000000,BARMM,1908800000,MAGUINDANAO DEL SUR,1908802000,BULUAN
1900000000,BARMM,1908800000,MAGUINDANAO DEL SUR,1908803000,DATU ABDULLAH SANGKI
1900000000,BARMM,1908800000,MAGUINDANAO DEL SUR,1908804000,DATU ANGGAL MIDTIMBANG
1900000000,BARMM,1908800000,MAGUINDANAO DEL SUR,1908805000,DATU HOFFER AMPATUAN
1900000000,BARMM,1908800000,MAGUINDANAO DEL SUR,1908806000,DATU PAGLAS
1900000000,BARMM,1908800000,MAGUINDANAO DEL SUR,1908807000,DATU PIANG
1900000000,BARMM,1908800000,MAGUINDANAO DEL SUR,1908808000,DATU SALIBO
1900000000,BARMM,1908800000,MAGUINDANAO DEL SUR,1908809000,DATU SAUDI AMPATUAN
1900000000,BARMM,1908800000,MAGUINDANAO DEL SUR,1908810000,DATU UNSAY
1900000000,BARMM,1908800000,MAGUINDANAO DEL SUR,1908811000,GEN. S.K. PENDATUN
1900000000,BARMM,1908800000,MAGUINDANAO DEL SUR,1908812000,GUINDULUNGAN
1900000000,BARMM,1908800000,MAGUINDANAO DEL SUR,1908813000,MAMASAPANO
1900000000,BARMM,1908800000,MAGUINDANAO DEL SUR,1908814000,MANGUDADATU
1900000000,BARMM,1908800000,MAGUINDANAO DEL SUR,1908815000,PAGAGAWAN
1900000000,BARMM,1908800000,MAGUINDANAO DEL SUR,1908816000,PAGALUNGAN
1900000000,BARMM,1908800000,MAGUINDANAO DEL SUR,1908817000,PAGLAT
1900000000,BARMM,1908800000,MAGUINDANAO DEL SUR,1908818000,PANDAG
1900000000,BARMM,1908800000,MAGUINDANAO DEL SUR,1908819000,RAJAH BUAYAN
1900000000,BARMM,1908800000,MAGUINDANAO DEL SUR,1908820000,SHARIFF AGUAK
1900000000,BARMM,1908800000,MAGUINDANAO DEL SUR,1908821000,SHARIFF SAYDONA MUSTAPHA
1900000000,BARMM,1908800000,MAGUINDANAO DEL SUR,1908822000,SOUTH UPI
1900000000,BARMM,1908800000,MAGUINDANAO DEL SUR,1908823000,SULTAN SA BARONGIS
1900000000,BARMM,1908800000,MAGUINDANAO DEL SUR,1908824000,TALAYAN
1900000000,BARMM,1999900000,SPECIAL GEOGRAPHIC AREA,1999901000,KAPALAWAN
1900000000,BARMM,1999900000,SPECIAL GEOGRAPHIC AREA,1999902000,OLD KAABAKAN
1900000000,BARMM,1999900000,SPECIAL GEOGRAPHIC AREA,1999903000,KADAYANGAN
1900000000,BARMM,1999900000,SPECIAL GEOGRAPHIC AREA,1999904000,NABALAWAG
1900000000,BARMM,1999900000,SPECIAL GEOGRAPHIC AREA,1999905000,PAHAMUDDIN
1900000000,BARMM,1999900000,SPECIAL GEOGRAPHIC AREA,1999906000,MALIDEGAO
1900000000,BARMM,1999900000,SPECIAL GEOGRAPHIC AREA,1999907000,LIGAWASAN
1900000000,BARMM,1999900000,SPECIAL GEOGRAPHIC AREA,1999908000,TUGUNAN
